Node ID;Category;Rubric;Created (UTC);Rating;Total votes;Upvotes;Downvotes;Comments;Title;Contributiontext
6;Freiraumgestaltung und Aufenthaltsqualit√§t;Vorschlag;2020-10-05T11:51:08Z;0.0000;0;0;0;0;Hier k√∂nnte Ihr Beitrag stehen!;Wir brauchen mehr Spielpl√§tze
8;Freiraumgestaltung und Aufenthaltsqualit√§t;Vorschlag;2020-10-15T11:27:53Z;10.000;8;8;0;0;Mehr Sitzm√∂glichkeiten;Sehr attraktiv f√§nde ich die Ausstattung des Bereiches mit noch mehr Sitzm√∂glichkeiten. Besonders direkt an der Alster w√§re es sch√∂n sich niederlassen zu k√∂nnen. Die Terrassen bei den Barkassenanlegestellen sind an sonnigen Tagen meist sehr schnell √ºberf√ºllt.
9;Radverkehr;Vorschlag;2020-10-15T12:32:03Z;0.9200;13;12;1;0;Luftstation!;Da mit einem starken Anstieg des Radverkehrs gerechnet werden kann, sollte im Bereich eine (oder mehrere) Luftstationen installiert werden.
10;Freiraumgestaltung und Aufenthaltsqualit√§t;Vorschlag;2020-10-15T13:20:22Z;10.000;14;14;0;2;Naturnahe Gestaltung;Anstatt wie in der Visalisierung dargestellt nur identische B√§ume in Reih und Glied zu pflanzen, sollte versucht werden eine m√∂glichst naturnahe Gestaltung umzusetzen mit heimischen, an den Standort angepassten B√§umen, Str√§ucher, Hecken und Wildblumenwiesen inklusive Schaffung von Lebensr√§umen durch Nisthilfen oder Habitatstrukturen. Teilweise Renaturierung des Uferb√∂schungsbereich durch Feuchtfl√§chen. Zus√§tzlich, wo m√∂glich, Fl√§chenentsiegelung (durch bspw. Rasengittersteine). Einsatz von Insektenfreundlichen Leuchtmittel.
12;Fu√üverkehr;Vorschlag;2020-10-15T14:40:20Z;0.9000;10;9;1;1;Jungfernstieg zw. G√§nsemarkt und Neuer Jungfernstieg ebenfalls sperren;"Wenn der o.g. Abschnitt nicht auch gesperrt wird, dann ist der √úbergang vom Jungfernstieg zu den Colonnaden eingeschr√§nkt und die gesch√§ftliche Lage der Colonnaden verbessert sich nicht. Bei einer Sperrung und entsprechender Anlage der Wege, k√∂nnten die Colonnaden mehr als heute zu einem Scharnier zw. Jungerfernstieg und Dammtor werden (was sie sehr viel fr√ºher schon einmal waren). 

Bei meinem Vorschlag w√ºrde auch die B√ºschstra√üe gesperrt und der n√∂rdlich kommende Verkehr √ºber den Neuen Jungfernstieg w√ºrde erlaubt sein bis Gro√üe Theaterstra√üe und √ºber diese abgeleitet werden. F√ºr Anlieger k√∂nnte der Autoverkehr weiter bis zum Hotel 4 Jahreszeiten erlaubt sein."
13;Sonstiges;Vorschlag;2020-10-15T15:26:42Z;10.000;3;3;0;1;Einbahnstra√üe Kalkhof / Kleine Theaterstra√üe umdrehen;Ich w√ºrde gerne vorschlagen, die Richtung der Einbahnstra√üe Kalkhof / Kleine Theaterstra√üe zu wechseln. So muss diese nicht √ºber den (Neuen) Jungfernstieg angefahren werden. Die Ausfahrt aus Kalkhof geschieht dann Richtung G√§nsemarkt.
14;Sonstiges;Vorschlag;2020-10-15T15:32:58Z;0.9100;12;11;1;0;Neuer Jungfernstieg f√ºr Durchgangsverkehr sperren;Ich w√ºrde gerne vorschlagen, den Neuen Jungfernstieg ebenfalls f√ºr motorisierten Durchgangsverkehr zu sperren und nur Anlieger und Lieferverkehr zuzulassen. Die √ñffnung f√ºr Durchgangsverkehr bietet heute nur eine Abk√ºrzung zum G√§nsemarkt. Anliegende Anwohner und Gesch√§fte h√§tten durch eine Sperrung nur Vorteile, da der motorisierte Verkehr abnimmt, aber die Anlieger/Kunden immer noch uneingeschr√§nkt kommen k√∂nnen. Zudem bietet weniger motorisierter Durchgangsverkehr eine h√∂here Aufenthaltsqualit√§t und eine h√∂here Verkehrssicherheit f√ºr Rad Fahrende und Fu√üg√§nger.
15;Fu√üverkehr;Sonstiges;2020-10-15T17:01:28Z;0.7100;7;5;2;0;Endlich!;Damit wird die Hamburger Innenstadt deutlich aufgewertet!
16;Radverkehr;Kritik;2020-10-15T17:09:07Z;0.2000;15;3;12;5;Jungfernstieg;Guten Tag, der Gruene Verkehrs Senator faehrt mit der Senatskarosse nach Hause Mami wartet und richte den HH Innenstadt Einzelhandel hin Arbeitsfaul und grosse Fresse mehr kann er nicht
17;Sonstiges;Kritik;2020-10-15T17:10:21Z;0.3600;19;7;12;10;Ein Fehler und Schnellschuss;Die Verbannung der Autos aus der Innenstadt ist ein gro√üer Fehler und wird zur Ver√∂dung der Stadt beitragen, indem das kaufkr√§ftigste Publikum wegbleibt. Der typische gr√ºne Idealismus auf dem R√ºcken der Gewerbetreibenden.
18;Anlieger und Lieferverkehr;Vorschlag;2020-10-15T17:19:48Z;0.0000;0;0;0;4;Zufahrt Ballindamm/An der Alster aus der Innenstadt;"Die Massnahmen begr√ºsse ich sehr, obwohl - oder weil ? - ich im Hanseviertel arbeite und t√§glich ein Parkhaus im Passagenviertel benutze.
Nur weiss ich in der neuen Verkehrsf√ºhrung nicht, wie ich aus dem Passagenviertel/Stadthausbr√ºcke zum Ballindamm, An der Alster / Sechslingspforte komme, das ist eine wichtige Ausfallstrasse √∂stlich der Alster, die nun abgeschn√ºrt ist und sicher von vielen angefahren wird.
Dazu sollte sich die entsprechende Stelle noch mal Gedanken machen.
Besten Dank und viel Gl√ºck!"
19;Sonstiges;Kritik;2020-10-15T17:34:53Z;0.1800;33;6;27;17;KATASTROPHE;"H√ñRT MIT DIESER ELENDEN ANTI-AUTO-POLITIK AUF

Wir leben nicht im Mittelalter und Hamburg ist kein Sonnenstaat.....hier ist es meistens kalt und regnerisch (Ausnahme die letzten 2 Jahre vielleicht)......

Die Zahlen der zugelassenen PKW beweist:

HAMBURG GEH√ñRT DEN AUTOS

Es REICHT mit dem st√§ndigen Autospur-abbau-f√ºr-Fahrradspur MIST.

√úberall nur Stau und jetzt wird sogar der Jungfernstieg gesperrt. Was f√ºr ein Bl√∂dsinn!

Die Wasserseite am Ballindamm habt ihr auch verhauen. Die B√§ume h√§tten weg gemusst und der Fu√üweg h√§tte sch√∂n breiter seien m√ºssen.

Parken wird unm√∂glich und diese Politiker die immer sagen ""Es gibt keinen Rechtsanspruch auf Parkplatz im √∂ffentlichen Raum"" blabla.....

Hauptsache wir sollen die Autos kaufen / leasen / finanzieren aber GOTT BEWAHRE WENN ICH SIE BENUTZEN M√ñCHTE.

Unsere Steuern nehmen sie gerne
Damit wir Arbeitspl√§tze sichern sind wir auch noch gut genug
Aber das Auto benutzen....das sollen wir dann doch nicht.....
Herzlichst -ein entt√§uschter W√§hler"
20;Sonstiges;Kritik;2020-10-15T17:51:31Z;10.000;4;4;0;1;Anwohner im Valentinskamp;W√ºrden Sie bitte auch an die Anwohner im Valentinskamp / Drogonerstall denken. Hier sollte unbedingt darauf geachtet werden, dass der Ausweichen-Verkehr des Jungfernstieg nicht durch den Valentinskamp fahren muss.
21;Sonstiges;Kritik;2020-10-15T17:52:51Z;0.1800;11;2;9;4;Ein Grund mehr online zu bestellen statt in die City zu fahren!;"Autoverbote, immer weniger Parkpl√§tze, teure Parkpl√§tze (in machen Stra√üen 1 ‚Ç¨ a' 10 Minuten), Fahrradwege mitten auf der Stra√üe, eRoller die √ºberall rumhuschen .... es nervt nur noch in die Stadt zu fahren! Kein Wunder, dass immer mehr L√§den (selbst alteingesessene) dicht machen. Und es gibt wirklich Leute, die denken allen Ernstes, es w√ºrde die Stadt attraktiver machen. NEIN. Tut es nicht. Leere Gr√ºnfl√§chen an denen tote Hose herrscht, gibt es in Hamburg mittlerweile mehr als genug!

Ich hab echt immer gerne das Alsterhaus besucht oder das Hanseviertel mit seinen vielen kleinen individuellen Gesch√§ften - und meine Eink√§ufe will ich nun mal nicht durch √∂ffentliche Verkehrsmittel schleppen - zumal der Bahnhof am Jungfernstieg (besonders f√ºr mich als Frau) etwas abschreckend wirkt. Und so wie ich denken viele - und bestellen dann eben online oder verzichten die Alster von dieser Seite zu besuchen. Freut bestimmt die H√§ndler und Gastro Vorort!"
22;Sonstiges;Vorschlag;2020-10-15T18:05:10Z;0.8300;6;5;1;1;Ganz nett, aber viel zu wenig;"Eine Sperrung des Jungerfernstiegs f√ºr privat-PKW ist zwar ganz nett, aber noch viel zu wenig. Ich w√§re f√ºr eine komplett Auto-freie Innenstadt im ersten Schritt innerhalb des Ring 1. Und im gesamten Stadtgebiet eine Anpassung des Verkehrsraums. PKW nehmen immer noch den Gro√üteil der Verkehrsfl√§che ein. Die Priorit√§ten sollten eher in Richtung des √ñPNVs gesetzt werden. 
Aber wie ich den dunkelrot-(fast schon schwarz)-gr√ºnen Senat kenne, wird da nicht viel draus..."
23;Freiraumgestaltung und Aufenthaltsqualit√§t;Sonstiges;2020-10-15T18:10:12Z;0.8700;8;7;1;0;Ein guter erster Schritt;Hoffentlich werden weitere Bereiche in der Innenstadt oder in vergleichbaren Arealen (z. B. Portugiesenviertel) folgen um die Aufenthaltsqualit√§t zu erh√∂hen.
24;Sonstiges;Vorschlag;2020-10-15T19:13:50Z;0.2000;5;1;4;3;F√ºr und gegen die Umwelt?;"Ich finde es im Prinzip toll mehr Raum f√ºr Fahrr√§der und Fu√üg√§nger zu schaffen, um die Innenst√§dte zu beleben und das Klima in unserer Stadt zu verbessern. Begr√º√üen w√ºrde ich es jedoch, wenn man einen Mittelweg dazu finden w√ºrde, zumindest am Anfang. Die meisten Eink√§ufe werden an den Wochenenden erledigt. Damit k√∂nnte man anfangen und die Gegend an jedem Wochenende sperren. Denn ich bef√ºrchte, dass es noch etwas brauchen wird bis die meisten Pendler oder andere Personen, die in die Stadt zur Arbeit kommen auf alternative Transportmittel umsteigen.
Deshalb bef√ºrchte ich auch, dass wir durch die l√§ngeren Wege, um auf die Hauptstra√üen zu gelangen und die sich daraus ergebenden Staus viel mehr CO2-Aussto√ü in Kauf nehmen m√ºssen, als bisher."
25;Freiraumgestaltung und Aufenthaltsqualit√§t;Kritik;2020-10-15T19:18:04Z;10.000;2;2;0;1;Bitte t√§glich reinigen;"Wir haben den Anspruch uns mit den ""gro√üen"" St√§dten zu messen und die Innenstadt attraktiver zu machen. Dazu geh√∂rt eine saubere Innenstadt. Es ist unm√∂glich sich auf die Sitzgelegenheiten am Jungfernstieg zu setzen, ohne sich komplett vor den Flecken, M√ºll und Dreck zu ekeln. Vor allem in Zeiten von Corona sind Sauberkeit und Hygiene von gro√üer Bedeutung."
26;Freiraumgestaltung und Aufenthaltsqualit√§t;Vorschlag;2020-10-15T19:35:19Z;0.9400;17;16;1;3;Den Valentinskamp auf zwei Spuren zur√ºckbauen!;Der Valentinskamp ist √ºberdimensioniert. Er k√∂nnte aber ein attraktiver Boulevard mit breiten Fahrradstreifen vom Johannes Brahms Platz Richtung Jungfernstieg werden, eine Route die sehr viele Menschen mit dem Rad aber auch zu Fu√ü benutzen.
27;Sonstiges;Kritik;2020-10-15T20:00:52Z;0.0000;8;0;8;3;Und wo bleiben Alte und Behinderte?;Die rot-gr√ºnen Ideologen grenzen einen gro√üen Teil der Bev√∂lkerung, die eben nicht lustig radfahren k√∂nnen, einfach aus, nur um bei ihrer W√§hlerschaft zu punkten. Derart schamlose Menschen sollten nicht regieren d√ºrfen.
28;Sonstiges;Kritik;2020-10-15T21:05:49Z;0.0000;6;0;6;2;Entm√ºndigt;F√ºr mich ist das Thema City damit erledigt, dann suche ich mir eben etwas anderes! Ciao Jungfernstieg üòÆü•∫
29;Radverkehr;Vorschlag;2020-10-15T21:39:05Z;0.4000;5;2;3;3;Shared Space;Es gab mal eine Zeit, da war Shared Space in aller Munde. Den Jungfernstieg f√§nde ich sehr geeignet daf√ºr. Bei Shared Space muss jeder auf den anderen acht geben.
30;Freiraumgestaltung und Aufenthaltsqualit√§t;Kritik;2020-10-15T22:42:11Z;0.8700;8;7;1;2;Weiter so!;"Ich finde es sehr gut das der Radverkehr nun endlich vom Fu√üverkehr getrennt ist! Was ich da bisher f√ºr gef√§hrliche Situationen erlebt habe... Und ich hoffe es wird auch regelm√§√üig kontrolliert dass der private Autoverkehr auch wirklich nicht √ºber den Jungfernstieg f√§hrt (bei manchem fr√ºheren Autoposer hab ich da so meine Zweifel).
Ansonsten freue ich mich auf weitere autofreie Stra√üen und Pl√§tze mit mehr Aufenthaltsqualit√§t."
31;Anlieger und Lieferverkehr;Kritik;2020-10-15T22:51:27Z;0.2100;19;4;15;21;V√∂lliger Bl√∂dsinn;"Einseitige Verbannung vom MIV ist keine Mobilit√§tswende. Wie kommen die Arbeitnehmer zu ihren Arbeitspl√§tzen die nicht ein Fahrrad haben? 
Wann werden denn wieder Pl√§tze f√ºr Kutschen angeboten?"
32;Radverkehr;Vorschlag;2020-10-15T23:13:04Z;0.8000;5;4;1;1;Bergstra√üe f√ºr den Radverkehr in beide Richtungen offenhalten!;"Vom Jungfernstieg kommend, kann der Radverkehr √ºber die Bergstra√üe in die M√∂nckebergstra√üe abbiegen oder in die Hafencity weiterfahren. F√ºr den R√ºckweg wird jetzt aber der der Umweg √ºber  Rathausmarkt/Plan verlangt, um in den Jungfernstieg zu gelangen. Es bliebe evtl. sonst noch Gerhart-Hauptmann-Platz/Alstertor, aber auch das ist ""suboptimal""."
33;Radverkehr;Vorschlag;2020-10-16T01:13:16Z;0.2500;8;2;6;3;Jungfernstieg;"Ich pers√∂nlich finde das Autos weiterhin den Jungfernstieg nutzen sollten , zu dem ich besitze kein F√ºhrerschein und auch kein Auto , die halbe Stadt wird so konstruiert das es den Fahrradfahrern gut geht und es wird unendlich viel Gelder in die Umsetzung gesteckt . Eine tolle Idee mal das Fahrrad Fahrer ein Kennzeichen bekommen und zu dem auch steuern zahlen sollten ! Ich hab es oftmals erlebt wie frech die Fahrrad Fahrer sind einen mal gerne auch beleidigen und dann auf die Pedale dr√ºcken und zu dem meist die Auseinandersetzung meist dadurch entsteht das die meisten Fahrrad Fahrer der Meinung sind sie k√∂nnen alle Wege benutzen ( Fu√üg√§ngerweg, Fahrradweg und die Stra√üen ) zu dem auch welcher Ihnen gerade passt ! 

Als eine Person die zentral in der Stadt wohnt , und wo ich sehr viel mit Fahrrad Fahrern  konfrontiert bin ist mir stetig aufgefallen das seit dem Fahrrad Fahrer mehr Freiraum bekommen es viel mehr Verkehrsunf√§lle gibt ."
34;Sonstiges;Vorschlag;2020-10-16T01:22:58Z;0.8500;7;6;1;4;Fragliche Verkehrsableitung;"Der Verkehr vom Ballindamm stadteinw√§rts wird zuk√ºnftig in die Bergstra√üe abgeleitet. Das ist mMn ziemlicher Irrsinn, weil dann deutlich mehr Verkehr die Kommunalstara√üe M√∂nckebergstra√üe queren muss. Dies ist bereits bei dem bisherigen Verkehrsaufkommen kritisch gewesen, da die Kreuzung Bergstra√üe / M√∂nckebergstra√üe von etlichen Fu√üg√§ngern zwischen den Fahrzeugen gequert wird und die vorfahrtsberechtigte M√∂nckebergstra√üe durch etliche Buslinien, Taxen und Radfahrer stark frequentiert ist. Hier m√ºsste zur Sicherheit eine Ampel aufgestellt werden, besser w√§re es, die Bergstra√üe ab Hermannstra√üe f√ºr den MIV zu sperren. Der Verkehr aus dem Ballindamm sollte wenden und √ºber den Ballindamm stadtausw√§rts geleitet werden. Nur Anlieger d√ºrften noch in den (unteren) Teil der Bergstra√üe fahren, um zB zu den Parkgaragen zu gelangen.
Vllt √ºberdeckt man diese Verkehrsf√ºhrung noch einmal."
35;Radverkehr;Vorschlag;2020-10-16T01:26:12Z;10.000;5;5;0;1;Radler- und Fu√üg√§ngerschutz;Radfahrer sollten viel eigenen, sicheren Raum bekommen, den sie nicht mit wilden Taxifahrern und gro√üen Bussen teilen m√ºssen. Radler m√ºssen sich √ºberall leicht und sicher gegenseitig √ºberholen k√∂nnen, also beideitig eine Radwegbreite von je 3m.
36;Fu√üverkehr;Vorschlag;2020-10-16T01:28:05Z;0.6600;3;2;1;1;Fu√üg√§ngerquerungen vereinfachen;"Fu√üg√§nger sollten nicht mehr auf Ampeln angewiesen sein, um die Fahrban zu queren. Begr√ºnte Mittelinseln helfen dabei. Fu√ü- und Radverkehr m√ºssen deutlich und sicher voneinander getrennt sein. Die Ampeln am Jungfernstieg sollten m√∂glichst wegfallen, niemand mehr auf ""gr√ºn"" warten m√ºssen""."
37;Sonstiges;Vorschlag;2020-10-16T01:31:21Z;0.8500;7;6;1;3;Taxis auch entfernen;"Perspektivisch sollten auch Taxis am Jungfernstieg verboten werden. Leider sind die Zeiten vorbei lange, dass Taxifahrer besonders r√ºcksichtsvoll und professionell fahren. 

Wer nicht mit Rad, U-, S-Bahn oder Bus kommen m√∂chte, geht eben die letzten Meter zu Fu√ü. Ein Inklusionskonzept ist daf√ºr nat√ºrlich Bedingung."
38;√ñPNV;Vorschlag;2020-10-16T01:35:24Z;10.000;3;3;0;1;Kreuzungsampeln abschaffen;"Die Kreuzungsampeln an Gro√üe Bleichen und Neuer Wall sollten testweise abgeschaltet und perspektivisch entfernt werden, wenn sich fu√üg√§ngerquerungen nicht als Problem erweisen. 

Mindestens in den fu√üg√§ngerarmen Zeiten, insbesondere nachts, k√∂nnen die Ampeln aber ausbleiben."
39;Freiraumgestaltung und Aufenthaltsqualit√§t;Vorschlag;2020-10-16T02:31:19Z;10.000;7;7;0;0;Gro√üartige Pl√§ne;Danke f√ºr die schnelle Umsetzung. Dringend n√∂tig und genau das richtige Signal. Wunsch: Soziale Begegnungsfl√§chen in die Innenstadt. ‚ÄûBusiness Sport gr√ºn‚Äú f√ºr die Mittagspause oder fest stehende Trimm dich R√§der, die auch noch Strom produzieren.
40;Freiraumgestaltung und Aufenthaltsqualit√§t;Kritik;2020-10-16T07:07:33Z;0.0000;4;0;4;2;Handwerker;In meinen Augen lebt eine Innenstadt vom lebendigen Verkehr. Ist der weg, kommen weniger. Grunds√§tzlich finde ich pers√∂nlich die Umsetzung einer autofreien Innenstadt reizlos. Will ich sch√∂ne Natur, dann fahre ich in den Wald oder eben in die Natur. Vielleicht komme ich aber doch, nur um die Handwerker zu sehen, die ihr teils schweres Werkzeug hunderte Meter weit zu ihrem innerst√§dtischen Einsatzort tragen.
41;√ñPNV;Vorschlag;2020-10-16T07:12:58Z;0.2000;5;1;4;2;Keine Busse mehr auf Dammtorstrasse, G√§nsemarkt, Jungfernstieg, Rathausmarkt und M√∂nckebergstra√üe;"Das Gebiet um die Binnenalster ist durch die U-Bahnhaltestellen Stephansplatz, G√§nsemarkt, Jungfernstieg, Rathaus und M√∂nckebergstra√üe engmaschig erschlossen. Ein wirklicher Bedarf f√ºr die Bushaltestellen Staatsoper, G√§nsemarkt, Jungfernstieg, Rathaus und Gerhard-Hauptmann-Platz besteht also nicht. Der Busverkehr sollte daher vom Dammtor/Moorweide kommend am Stephansplatz auf Esplanade und Lombardsbr√ºcke abgeleitet werden, die bestehenden Haltestellen sollten zur√ºckgebaut werden.
Der Kreuzungsbereich Stephansplatz und die Stra√üenf√ºhrung √ºber Esplanade und Lombardsbr√ºcke sollten entsprechend aus-/umgebaut werden. 
Die Haltestelle Stephansplatz kann in die Esplanade, die Haltestelle Hbf/M√∂nckebergstra√üe in den Glockengie√üerwall verlegt werden. 
Eine zus√§tzliche Bushaltestelle ‚ÄûKunsthalle‚Äú kann im Kreuzungsbereich Ferdinandstor/Glockengie√üerwall/Ballindamm/Lombardsbr√ºcke eingerichtet werden.
Alternativ w√§re eine Busableitung √ºber die  Kennedybr√ºcke zu pr√ºfen."
42;Radverkehr;Vorschlag;2020-10-16T07:44:42Z;10.000;1;1;0;0;Konflikte zwischen Radfahrern und Fu√üg√§ngern;An den 3 √úberg√§ngen f√ºr Fu√üg√§nger k√∂nnte es zu konflikten mit Fu√üg√§ngern kommen. Man kann jetzt schon auf der M√∂nkenbergstra√üe beobachten wie viele Fu√üg√§nger ohne zu gucken auf die Stra√üe laufen. Aber auch Radfahrer ungerne anhalten und gef√§hrliche schlenker fahren. Zum einen sollten die Fu√üg√§nger wirklich nur an diesen 3 Stellen die Stra√üe queren k√∂nnen zum anderen muss den Radfahrern das anhalten erleichtert werden, zum Beispiel durch seitlich angebrachte Fu√übretter mit Gel√§nder zum festhalten. Somit kann der Fahrradfahrer einen Fu√ü abstellen und auf dem Rad sitzen bleiben.
43;Anlieger und Lieferverkehr;Kritik;2020-10-16T07:54:09Z;0.2300;13;3;10;7;Mit Ideologie die Wirtschaft zerst√∂ren;"Die Ma√ünahme einer Sperrung des Jungfernstieges und in Teilen den anliegenden Stra√üen, mit zus√§tzlich einer Ver√§nderung der Verkehrsf√ºhrung wird langfristig zu einem weiteren Einzelhandelssterben f√ºhren. Man macht es Besuchern, die mit dem Auto anreisen m√ºssen, enorm schwer und das Erlebnis Hamburger Innenstadt zu einer Tortur.
Diese Ma√ünahme hat gute Ans√§tze jedoch erkennt man sofort das sie nur nach Ideologie und nicht nach Verstand/Sinnhaftigkeit durchgef√ºhrt wurde. Dann beschweren sich die Rot-Gr√ºnen wieder das die Leute soviel im Internet bestellen, nicht in die Innenst√§dte gehen und die L√§den unterst√ºtzen. Dabei sind es die Rot-Gr√ºnen die am Ladensterben aktiv mitarbeiten, indem sie solche ideologischen Ma√ünahmen durchf√ºhren.
Die Rot-Gr√ºne Regierung tut alles daran die B√ºrger in ihrer Bewegungsfreiheit und Individualit√§t einzuschr√§nken, anstatt diese zu f√∂rdern."
44;Fu√üverkehr;Kritik;2020-10-16T08:22:20Z;0.2100;14;3;11;5;Innenstadtsterben;"Wenn man die Menschen ohne Auto in die Stadt locken m√∂chte, dann muss man die Stra√üen 
sicherer machen. Man kann in Hamburg nach Gesch√§ftsschluss als Frau nicht mehr alleine 
zu Fu√ü nach Hause gehen. Die √∂ffentlichen Verkehrsmittel sind zu unsicher und f√ºr Frauen und Kinder einfach zu gef√§hrlich, da kein Schutzpersonal vorhanden ist.
Und wenn man mit Eink√§ufen bepackt ist, hat man auch keine M√∂glichkeit sich gegen Angreifer zu wehren. Wie immer denkt die Politik nicht an Frauen und Kinder
Die guten Gesch√§fte werden in dieser Zone zur√ºckgehen und es werden wie in K√∂ln, Berlin,
Bremen, Berlin usw. die Billigl√§den die Oberhand bekommen und die Hamburger Innenstadt 
f√ºr Besucher und Touristen uninteressant machen. Drogendealer und Bettler werden sich breit machen und Besucher abschrecken. Beste Beispiele sind Berlin, K√∂ln, Bremen usw.usw."
45;√ñPNV;Vorschlag;2020-10-16T08:24:09Z;10.000;4;4;0;0;Unbedingt ausweiten, verkn√ºpft mit √ñPNV;Auch Autofahrer haben zwei Beine, wenn sie nicht gehandicapt sind. Bitte aber immer Konzepte zur Inklusion alter oder gehandicapter Personen mitdenken. Man sollte unbedingt nicht zeitgleich die √ñPNV  Bedingungen verschlechtern. Um eine Akzeptanz eines gr√∂√üeren Teils der Bev√∂lkerung zu erreichen, m√ºssen die Bushaltestellen (leider) bleiben und im besten Fall das City-Ticket g√ºnstiger/kostenfrei werden.
46;Anlieger und Lieferverkehr;Kritik;2020-10-16T08:32:09Z;0.0000;6;0;6;2;Sinnlose Symbolpolitik;"Als Berufspendler, der auf das Auto angewiesen ist und im Passagenviertel arbeitet, kann ich die Sperrung des Jungfernstiegs nicht nachvollziehen. Es handelt sich mutma√ülich schon jetzt um die Stra√üe mit den breitesten Fu√üwegen in ganz Hamburg, zu wenig Platz f√ºr ""alternative Mobilit√§t"" gibt es dort allenfalls nur w√§hrend des Weihnachtsmarkts. Zugleich wird f√ºr die im Passagenviertel der Arbeitsweg um ca. 10 Minuten und mehrere Kilometer verl√§ngert. Besonders absurd wird die Angelegenheit, wenn man den umfangreichen Umbau des Ballindamms sieht, der jetzt f√ºr viel Geld v√∂llig nutzlos ist. Dann lieber Zone 30, Verkehrsberuhigung oder zur Not auch eine City-Maut."
47;Sonstiges;Kritik;2020-10-16T08:52:03Z;10.000;2;2;0;3;Wo soll ich jetzt mit dem Lambo posen?;Was soll dieser Unsinn?
48;Anlieger und Lieferverkehr;Frage;2020-10-16T09:27:49Z;0.6600;3;2;1;10;Gastronomie- und Einzelhandelsbelieferung;"Als Fisch- und Seafoodgro√ühandel beliefern wir Kunden im Rahmen einer Stadttour auch nach 11.00, weil viele Gastronomen nach einem sp√§ten Abend erst danach erreichbar sind. Zudem erfolgen Nachbestellungen, die per Kurier oder mit eigenem Transporter nachmitags erledigt werden.

Durch Ihre neue Regelung ist dieses nicht mehr m√∂glich und in der jetzigen Form f√ºr den Lebensmittelhandel nicht tragbar, insbesondere vor Feiertagen, wo Meeresfr√ºchte kurzfristig nachbestellt werden. 

Bitte schlagen Sie eine L√∂sung f√ºr Nachmittagsanlieferungen vor."
49;Freiraumgestaltung und Aufenthaltsqualit√§t;Vorschlag;2020-10-16T09:41:46Z;0.8300;6;5;1;0;Gr√ºne Inseln und Hochbeete;"F√ºr das allgemeine  Wohlbefinden 
Kann ich mir zus√§tzlich Hochbeete mit Kr√§utern Beerenobst usw und B√§nke zum verweilen vorstellen."
50;Barrierefreiheit;Frage;2020-10-16T10:22:52Z;10.000;2;2;0;4;Sperrung Neuer Wall, wie kommen au√üergew√∂hnlich gehbehinderte zur Arztpraxis Neuer Wall 19;"Sehr geehrte Damen und Herren,
ich bin au√üergew√∂hnlich gehbehindert mit Gdb 80, Merkzeichen GaG, B im Schwerbehindertenausweis und daher auch einen blauen Parkausweis. Ich muss regelm√§√üig , alle 3 Wochen in die Neurologie Neuer Wall 19. Dort ist der Neue Wall jetzt gesperrt. Wie kann meine Frau mich jetzt dort hinbringen und abholen? An Lieferverkehr ist gedacht, aber an schwerbehinderte mal wieder nicht!

[Beitrag gel√∂scht] Anmerkung der Redaktion: Dieser Beitrag wurde entfernt. Bitte achten Sie darauf, keine pers√∂nlichen Kontaktdaten in den Kommentaren zu verwenden. Beachten Sie dazu auch die Regeln zur Nutzung der Beteiligungsplattform (siehe FAQ)."
51;Freiraumgestaltung und Aufenthaltsqualit√§t;Kritik;2020-10-16T10:45:20Z;0.0000;1;0;1;0;Gehbehinderung, Handwerker, M√∂nckebergstra√üe;So ganz durchdacht scheint mir das Konzept noch nicht zu sein, erst wurde der Ballindamm aufw√§ndig umgebaut und nun gibt es nur noch die Ableitung des Verkehrs in die Bergstrasse, die dann die M√∂nckebergstra√üe kreuzt und die Fu√üg√§nger ohne zu schauen √ºber die Stra√üe flanieren. F√ºr den Einzelhandel, Berufst√§tige und Handwerker wird es schwierig. An Menschen mit Gehbehinderungen wurde auch nicht gedacht. √Ñrzteh√§user (z.B. Neuer Wall) sind nicht mehr erreichbar. Die geplante gestreifte Mittelinsel ist nicht attraktiv und hat keine Aufenthaltsqualit√§t, da h√§tte man sich durchaus mehr einfallen lassen k√∂nnen.
52;Sonstiges;Vorschlag;2020-10-16T10:47:57Z;0.8500;7;6;1;2;Fahrverbote regelm√§√üig √ºberwachen, Regelverst√∂√üe konsequent ahnden;"Ich w√ºnsche mir, dass die √úberwachung des Fahrverbots besser klappt als in der M√∂nckebergstra√üe, wo immer wieder private und Lieferfahrzeuge zu nicht erlaubten Zeiten unterwegs sind. Verst√∂√üe sollten stets verfolgt werden, denn allzu viele Regelnichtbeachter vertrauen auf das bekannte ""Beim n√§chsten Mal m√ºssen Sie zahlen"" und hoffen darauf, immer wieder damit durchzukommen."
53;Freiraumgestaltung und Aufenthaltsqualit√§t;Vorschlag;2020-10-16T10:48:24Z;10.000;4;4;0;0;Vorschl√§ge;"Diese Ma√ünahme hat das Potential entweder ein gro√üer Erfolg zu sein oder aber im gro√üen Still zu scheitern und dadurch der Innenstadt mehr Sch√§den anzurich. 
Vorschl√§ge:
- hinreichende Sitzm√∂glichkeiten
- Begr√ºnung und sch√∂ne B√§ume pflanzen, die nicht so schell erkranken
- dazu noch mehr Farbe einf√ºhren durch kreativ gestaltete Blumenbeete. 
- die Gestaltung der ganzen Fl√§che soll ein typisches Hamburger Flair ausweisen. Die Sitzpl√§tze, die Stra√üenlaternen, die Dekos usw. sollten dem Passant den Eindruck erwecken, dass er gerade das Gro√üe Gl√ºck hat, in Hamburg (der sch√∂nsten Stadt der Welt) zu sein.  Somit sollten keine Standardsachen benutzt werden, die man √ºberall sehen k√∂nnte. Wenn wir Geld da reinstecken m√ºssen, dann sollten wir als B√ºrger wenigstens etwas davon haben, das uns auch Freude bringt und worauf wir Stolz sein k√∂nnen.
- unbedingt Konzept entwickeln f√ºr mobilit√§tseingeschr√§nkte Menschen
- Parklpl√§tze in der unmittelbaren N√§he sichern und die Preise sozialgerecht gestalten"
54;Barrierefreiheit;Vorschlag;2020-10-16T11:15:40Z;0.6600;3;2;1;3;Behindertenparkpl√§tze Innenstadt;Bei der Umgestaltung des Jungfernstieges und angrenzender Stra√üen wird ein erheblicher Teil der Behindertenparkpl√§tze wegfallen. Schon heute ist es schwierig, einen Platz zu bekommen, weil diese meist stark frequentiert werden. Wenn in Zukunft die Wege nun noch weiter werden, sollten entsprechend Parkpl√§tze vermehrt (z.B. Ballindamm, Neuer Jungfernstieg) geschaffen werden, um es auch gerade diesen Mitb√ºrgern zu erlauben, einigerma√üen barrierefrei die Innenstadt nutzen zu k√∂nnen.
55;Freiraumgestaltung und Aufenthaltsqualit√§t;Sonstiges;2020-10-16T11:47:39Z;0.8000;5;4;1;0;MIV freier Jungfernstieg;Endlich tut sich etwas in dieser Stadt, wenn jetzt noch die Busse aus der M√∂nckebergstra√üe verschwinden kann sich auch wieder urbanes Leben in unserer Stadt etablieren. Vielen Dank an die Gr√ºnen f√ºr diesen √ºberf√§lligen Schritt.
56;Sonstiges;Vorschlag;2020-10-16T12:02:50Z;10.000;4;4;0;1;Sperrung deutlicher ausschildern!;Bis jetzt zeigen nur kleine Baustellenschilder das Durchfahrtsverbot. Diese werden erfahrungsgem√§√ü nicht von allen beachtet. Bitte stellen Sie sichtbarere, gr√∂√üere Schilder auf und ahnden Sie konsequent regelwidriges Verhalten!
57;Barrierefreiheit;Frage;2020-10-16T12:08:50Z;0.5000;2;1;1;1;Behinderte ber√ºcksichtigen;Was ist mit Behinderten, bzw Behindertenparkpl√§tzen und Einfahrm√∂glichkeit
58;Radverkehr;Vorschlag;2020-10-16T12:46:03Z;0.6000;5;3;2;4;starke bildsprache, √§ndert aber sehr wenig.;von den sieben strassen die auf dem oder vom jungfernstieg f√ºhren sind maximal 2-3 mit fahrradweg erstattet. nur eine (ballindam) mit einen so nenenwerter. was bringen den radfahrer die 400m autofrei (abgesehen von ein paar hunderte busse und taxen) am jungfernstieg wenn sie davor durch den altenwall durch den autostau und den blindkreuzenden fussg√§nger k√§mpfen m√ºssen, wenn sie st√§ndig in lebensgefahr am valentinskamp sind, wenn sie auf feuchte kopfsteinpflaster am resedamm, bergstrasse fahren m√ºssen? die umgestaltung des jungfernstieg bleibt erstmal nur ein starkes bild, aber dahinter gibts peinlicherweise immer noch kein vern√ºnftiges umdenken. fahrr√§der sollen fussg√§nger √ºberall vorfahrt innerhalb der ringe gewehren, daf√ºr sollen sie vorfahrt gegen√ºber motorisierten verkehr. tempo 30 zone innerhalb der ringe. alle 10 parkpl√§tze ein platz opfern um darauf e-scooter zu parken. und jede strasse die zum jungfernstieg angrenzt soll ein fahrradweg bekommen. und parkstangen brauchen wir.
59;Anlieger und Lieferverkehr;Vorschlag;2020-10-16T13:00:26Z;0.8500;7;6;1;2;Super! Endlich Autofrei!;"Ja...das ist super. Sollte nicht vor√ºbergehend sein, sondern immer so. Auch die bergstrasse, auch rechts und links von der Binnenalster. 
Ich w√ºrde auch gern die Speicherstadt und die Hafencity dazu nehmen. Mehr Sauerstoff weniger CO2. Es gibt genug M√∂glichkeiten sich in der Stadt CO2 frei zu bewegen. Auch mit Sharing Angeboten."
60;Parken;Vorschlag;2020-10-16T13:04:20Z;0.6000;5;3;2;8;Jungfernstieg, Parken f√ºr Autofahrer, die au√üerhalb der Stadt her kommen;Ich finde die Idee anf√ºrsich gut, das der Jungfernstieg Autofrei wird. Problem ist der mangelnde Parkraum √ºberhaupt in Hamburg. Mehr von der Stadt geh√∂rende Parkh√§user in der Innnenstatdt w√ºrde ich sehr begr√º√üenswert finden, die nicht gleich 6,00 Euro die Stunde nehmen, sondern zu einem realistischem Preis von bis zu maximal 15,00 Euro pro Tag kosten sollten. Warum wird da nicht an die Autofahrer gedacht? Gleichzeitig sollte man, wenn man dann die Parkh√§user ggf. neu baut, auch die H√∂he und breite der Einfahrten gedacht werden. Nicht von √ºberall au√üerhalb von Hamburg kann man mit Bus und Bahn reinfahren, wie bei uns das der Fall ist. Sprich, wir sind auf das Auto leider angewiesen. Hamburg sollte sich auch Gedanken machen, ob Sie die Autofahrer mit Park and Ride System, die z.Z. sehr holprig sind, sehr schlecht ausgebaut sind, ein wenig damit anlocken, in dem Sie Park and Ride System in Kombination mit einer HVV Karte anbieten. Das w√§re dann eine saubere L√∂sung f√ºr Hamburg.
61;Barrierefreiheit;Kritik;2020-10-16T13:16:12Z;0.6600;6;4;2;4;Innenstadt;"An Behinderte wie mich, die es jetzt schon schwer haben, am Leben in der Innenstadt teilzunehmen, wird √ºberhaupt nicht gedacht. Uns wird das Leben durch diese [Ausdruck gel√∂scht; Anmerkung der Redaktion: Dieser Ausdruck wurde entfernt. Bitte achten Sie darauf, dass ihre Beitr√§ge sachlich bleiben. Beachten Sie die Regeln zur Nutzung der Beteiligungsplattform (siehe FAQ).] Ma√ünahmen weiter erheblich erschwert. Aber wen interessieren schon Behinderte, wenn daf√ºr bei Schnee und Eis andere am Jungfernstieg Fahrrad fahren k√∂nnen."
62;Sonstiges;Kritik;2020-10-16T13:18:59Z;0.1200;16;2;14;12;Nicht gut!;Mit dem Jungfernstieg f√§llt eine wichtig (und zugleich sch√∂ne) Verbindung weg. Der PKW-Verkehr hat mit einer Fahrspur pro Richtung bei einer Gesamtbreite von fast 100 Metern gerade einmal ca. 6-10% der Gesamtfl√§che eingenommen. Ein verschwindend geringer Anteil. Immer wieder wird propagiert, ‚Äûdie Stadt sei f√ºr alle da‚Äú. F√ºr Autofahrer gilt das scheinbar nicht. Doppelmoral vom Feinsten. Zudem ist der Wegfall von je einer Fahrspur am Ballindamm sowie der Wegfall vieler Parkpl√§tze sehr zu bedauern. Diese Infrastruktur, die derzeit geschaffen wird, ist einer Metropole nicht w√ºrdig.
63;Sonstiges;Kritik;2020-10-16T13:45:37Z;0.1600;31;5;26;47;autofeindliche Umgestaltung Jungfernstieg;"Den autofreien Jungfernstieg (vor vielen Jahren sogar 4-spurig mit vielen Parkpl√§tzen, Fotos dazu sind im Internet zu finden)  finde ich √§u√üerst schlecht. Das Auto wird als Feindbild gr√ºner Politik bek√§mpft und aus der Stadt verbannt. Ich werde nicht mehr zum Einkaufen in die Innenstadt fahren, man m√∂chte mich als Kunden schlie√ülich vergraulen. Wie soll man sich mit diversen Eink√§ufen im √ñPNV fortbewegen? Daran denkt nat√ºrlich niemand. Dementsprechend wird die Innenstadt tats√§chlich zum gr√ºnen, urbanen √ñko-Dorf: Nicht nur die Autos sind weg, sondern sp√§ter auch die Gesch√§fte mit deren Kunden, in der Innenstadt wird gespenstische Stille herrschen. Auch staatliche √ñko-Kaufh√§user mit Gebrauchtwaren und daneben liegende Reparatur-Werkst√§tten werden nichts daran √§ndern. 

Da werde ich in Zukunft wesentlich lieber mit dem Auto zum Einkaufszentrum auf der ""gr√ºnen Wiese"" in die Vorstadt fahren. Soll die Innenstadt doch zum √ñko-Traum verkommen! Ich brauche die nicht mehr."
64;Freiraumgestaltung und Aufenthaltsqualit√§t;Vorschlag;2020-10-16T14:54:00Z;0.8000;5;4;1;2;"Endlich Ruhe (keine Autos) &amp; Kommentar zum Entwurf";"Es ist sch√∂n, dass es endlich geklappt hat. Nun ist der Jungfernstieg Autofrei. Die Gesundheit wird es uns danken. Der Entwurf ist schon ganz h√ºbsch jedoch fehlen noch paar mehr Sitzgelegenheiten. Auch ein kleiner Bereich mit Springbrunnen oder √§hnliches (Wasserspiele) w√§ren toll. Das macht immer ein sehr gutes Bild. Ein √ºberdachtes Areal w√ºrde ich auch bevorzugen, damit man auch sitzen kann, falls es mal regnet. 
Und bitte pflanzt Blumen die Bienenfreundlich sind, sowie andere Gr√ºnpflanzen und denkt auch an B√§ume. Diese sind so lebensnotwendig.  
Am Ende z√§hlt das Ergebnis. Ich freue mich drauf :-). 
Sch√∂ne Gr√º√üe"
65;Sonstiges;Vorschlag;2020-10-16T15:02:52Z;10.000;11;11;0;1;Schilder aufstellen reicht nicht - bitte auch kontrollieren!;"Die Einhaltung von Durchfahrtsverboten muss auch kontrolliert werden. Nun ist der Jungfernstieg erst seit heute autofrei, allerdings wird weder kontrolliert noch werden Autofahrer, die dies missachten, √ºber die Beschilderung hinausgehend informiert oder angehalten und freundlich darauf hingewiesen.

Wenn man sich die M√∂nckebergstra√üe, den Gro√üen Burstah und Schmiedestra√üe/Bergstra√üe ansieht, wird klar, dass dies ein dauerhaftes Problem ist. Wer Durchfahrtsverbote missachtet muss offenbar in Hamburg keine Konsequenzen f√ºrchten. Also bitte auch Kontrollen durchf√ºhren! :)"
66;Radverkehr;Kritik;2020-10-16T15:14:29Z;10.000;7;7;0;4;Ballindamm - Chance verpasst, Pkw- und Radverkehr zu trennen;"Sch√∂n, dass es auf dem Ballindamm nun endlich Radfahrstreifen gibt. 
Schade jedoch, dass die baulich eigentlich auf den ersten Blick augenscheinliche Chance verpennt wurde, Pkw- und Radverkehr r√§umlich zu trennen. 

Zwischen dem gr√ºnen Mittelstreifen und dem wasserseitigen Fu√üweg h√§tte sich die jetzt aus 1 Fahrspur + Radfahrstreifen bestehende Fahrbahn perfekt f√ºr einen ausschlie√ülichen Radweg in beide Fahrtrichtungen geeignet. Auf der anderen Stra√üenseite (Richtung Bebauung) wiederum ist die Fahrbahn breit genug f√ºr 1 Autofahrspur pro Richtung. 

Vorteile w√§ren:
- H√∂here Sicherheit f√ºr den Radverkehr durch r√§umliche und bauliche Trennung
- Weniger Konflikte Pkw-/Radverkehr, weniger Risiken f√ºr Abbiegeunf√§lle etc.
- Vermeidung von Pkw-Parken oder-Halten auf dem Radfahrstreifen.

Mit ein bisschen Farbe und gutem Willen lie√üe sich dies ja noch √§ndern."
67;Radverkehr;Kritik;2020-10-16T15:15:28Z;0.0700;14;1;13;12;Zur Innenstadt;"An sich finde ich es gut in der Innenstadt weniger Autos zu haben.
Dreist finde ich die krasse Bevorzugung der Radfahrer die unkultivierter in der Masse nicht sein kann, danke an die Gr√ºnen in dem Punkt.
Radfahrer zahlen keinen Cent f√ºr die Nutzung von √∂ffentlichen Stra√üen usw. aber haben Privilegien die mit meinem Verst√§ndnis der Demokratie nicht √ºbereinstimmen."
68;Barrierefreiheit;Frage;2020-10-16T15:17:34Z;10.000;2;2;0;1;Ausnahmegenehmigung;Wird es Ausnahmegenehmigungen f√ºr Behinderte geben (auf den Rollstuhl angewiesene Autofahrer) ?
69;Freiraumgestaltung und Aufenthaltsqualit√§t;Sonstiges;2020-10-16T15:24:56Z;0.8400;13;11;2;0;Mehr autofreie Bereiche in Hamburg;Der autofreie Jungfernstieg ist eine gute erste Ma√ünahme f√ºr eine Fu√üg√§nger und Fahrradfahrer freundliche Stadt. Provisorisch sollte jeder Stadtteil einen autofreien bzw. stark beruhigten Bereich erhalten. Von Billstedt bis Blankenese.
70;Freiraumgestaltung und Aufenthaltsqualit√§t;Kritik;2020-10-16T15:28:17Z;0.8500;14;12;2;1;Super;Autofrei ist super. Gef√§llt mir richtig gut. Werde jetzt Mal wieder zum Spazierengehen in die Innenstadt fahren. Habe ich fr√ºher nie gemacht. War mir zu laut und zu schlechte Luft.
71;Sonstiges;Kritik;2020-10-16T15:52:10Z;0.0600;33;2;31;30;Wie soll ich zur Arbeit kommen?;"Ich war heute morgen auf dem Weg zur Arbeit und wurde pl√∂tzlich von der Polizei angehalten, dass ich am Jungfernstieg nicht mehr entlangfahren d√ºrfe! Ich hielt dies zun√§chst f√ºr einen Scherz, aber die Beamten pochten darauf, dass seit 7.00 keine Autos mehr den Jungfernstieg nutzen d√ºrfen!

Da kann man den Gr√ºnen nur gratulieren! Ich muss jetzt jeden Tag einen l√§ngeren Umweg fahren, stehe l√§nger im Stau, sto√üe noch mehr Abgase aus und so weiter und so fort. Aber die gr√ºne Klientel, die sich auf dem Fahrrad ohnehin an keine Regel h√§lt, kann sich jetzt so richtig austoben. In der Mittagspause konnten wir den Jungfernstieg nicht √ºberqueren und wurden sogar von einem Radfahrer beschimpft!

Dieser Kokolores muss sofort r√ºckg√§ngig gemacht werden!"
72;Freiraumgestaltung und Aufenthaltsqualit√§t;Sonstiges;2020-10-16T16:24:13Z;0.8300;12;10;2;2;Wunderbar! Endlich mehr Lebensqualit√§t!;"Sehr geehrte Damen und Herren,
Gl√ºckwunsch f√ºr diese Ma√ünahme. 
Autofrei sollten auch die kleinen (Einkaufs-) Stra√üen in Wohnvierteln wie Ottensen, Sternschanze, Osterstra√üe, usw.  
Herzlichen Gru√ü
[Beitrag gel√∂scht] Anmerkung der Redaktion: Dieser Teil wurde entfernt. Bitte achten Sie darauf, keine pers√∂nlichen Kontaktdaten zu ver√∂ffentlichen. Beachten Sie dazu bitte auch die Regeln zur Nutzung der Beteiligungsplattform (siehe FAQ)."
73;Freiraumgestaltung und Aufenthaltsqualit√§t;Vorschlag;2020-10-16T17:20:54Z;0.6600;6;4;2;6;Boulevard zum Flanieren und Verweilen;Der Mittelstreifen und besonders der Abschnitt entlang der Alster sollten mit vielen Sitzm√∂glichkeiten und Gr√ºn gestaltet werden. Auch eine Bespielung in den Abendstunden au√üerhalb der Gastronomie w√§re w√ºnschenswert, um diesen Teil der Innenstadt st√§rker zu beleben!
74;Freiraumgestaltung und Aufenthaltsqualit√§t;Sonstiges;2020-10-16T17:31:37Z;0.7100;7;5;2;0;Gute Entscheidung;"Ich finde es hervorragend, dass man am Jungfernstieg endlich flanieren kann und dieser widersinnige ""Radweg"", den man nicht erkennen konnte, entfernt wird. Die Stadt Paris hat schon vor Jahren den Umbau von Stra√üen f√ºr Menschen statt Autos begonnen - und bezeichnet das als ""Zivilisierung der Stra√üen"".
Die Autofahrer kommen von hinten immer noch an ihre Parkh√§user, und vorne hat man den gr√∂√üten Knoten des √∂ffentlichen Nahverkehrs. Das passt!
Ich hoffe nicht, dass irgendjemand die Schreih√§lse mit dem AfD-Pegida-Getr√∂te von wegen ""man kann als Frau nicht sicher ..."" ernst nimmt."
75;Radverkehr;Vorschlag;2020-10-16T17:40:17Z;0.9300;15;14;1;3;R√§der abstellen ‚Äì Laternenpfahl Baum??;Bitte jetzt schon mehr, mehr, mehr Anlehnb√ºgel f√ºr R√§der in direkter und unmittelbarer N√§he des Jungfernstiegs (z.B. Alsterseite neben Caf√© Mio). DANKE!
76;Sonstiges;Kritik;2020-10-16T21:58:43Z;0.5000;4;2;2;1;Autofreie Innenstadt, Jungfernstieg, M√∂nckebergstr.;Der Jungfernstieg, ebenso wie die M√∂nckebergstr., hat beidseitig breite Fu√üwege. Wozu sollen hier noch Fu√üg√§nger oder Radfahrer auf der Stra√üe unterwegs sein? Auf der Alsterseite w√ºrden Fu√üg√§nger und Radfahrer auf dem B√ºrgersteig gen√ºgend Platz haben, ohne Probleme auf gekennzeichneten Fl√§chen aneinander vorbei zu kommen.  Wie soll man als Autofahrer vom G√§nsemarkt zum Ballindamm und von dort aus in die Parkh√§user Ferdinandstr. etc. kommen? Dass Autoposer am Jungfernstieg vertrieben werden, finde ich richtig, dass aber die Autofahrer generell aus der Innenstadt vertrieben werden, wird zu einer weiteren Ver√∂dung der Innenstadt f√ºhren. Die Stadt hat es ja in den letzten Jahrzehnten nicht hingekriegt, den Rathausmarkt zu versch√∂nern und lebendiger zu machen.  Und das soll jetzt pl√∂tzlich gelingen? Nur mit ein bisschen mehr Gr√ºn auf der Stra√üe und vor allem Radfahrern? Im Winter? Mit Eink√§ufen die langen Strecken zu einem Parkhaus zur√ºck oder im vollen Bus?  Das AEZ ist dann bequemer errei
77;Freiraumgestaltung und Aufenthaltsqualit√§t;Kritik;2020-10-16T23:46:30Z;0.1800;11;2;9;3;Autofreier Jungfenrstieg;"Eine echt "" klasse "" Aktion - wir sind dort immer gerne spazierengegangen und haben auch dort oft und gerne eingekauft und haben dort oder in der direkten Umgebung geparkt - als ein Ehepaar √ú60 ist man zu Fuss halt nicht mehr so mobil - wir finden es eine grosse S.... das auf die Situation √§ltere Menschen keine R√ºcksicht genommen wird. Wir kaufen sicherlich jetzt √∂fters im sogenannten Internet - uns tun nicht nur die √§lteren nicht so mobilen √§lteren Hamburgerinnen und Hamburger leid auch die Gesch√§ftsleute welche nun sicherlich weniger verkaufen werden"
78;Radverkehr;Kritik;2020-10-16T23:53:42Z;0.4000;5;2;3;1;Rolf Meyer;"Der Umbau Jungferstieg hat nur Vorteile,die f√ºrchterlichen [Teil des Beitrags gel√∂scht; Anmerkung der Redaktion: Dieser Teil des Beitrags wurde entfernt. Bitte achten Sie darauf, dass ihre Beitr√§ge sachlich bleiben. Beachten Sie die Regeln zur Nutzung der Beteiligungsplattform (siehe FAQ).] Raser sind weg vorerst ansonsten bleibt festzustellen Hamburg wird nie eine Fahrradstadt"
79;Anlieger und Lieferverkehr;Kritik;2020-10-17T08:14:31Z;0.6000;5;3;2;0;Einerseits... andererseits...;So praktisch die U-Bahn auch ist, an manchen Tagen ist man als Berufst√§tiger im Dienstleistungsbereich in der Innenstadt nun mal auf‚Äôs Auto angewiesen. Dazu muss man nicht unbedingt Handwerker sein, sondern z. B. im Reinigungsgewerbe, um schnell mal Material beim Kunden auszutauschen. Wie soll das k√ºnftig klappen, wenn s√§mtliche Parkpl√§tze r√ºckgebaut werden? Mir ist schon klar, dass ihr die SUV-Fahrer vom Stadtrand √§rgern wollt, doch ihr macht auch vielen Anderen das Leben schwer.
80;Sonstiges;Kritik;2020-10-17T09:33:42Z;0.1100;17;2;15;6;Gratulation! Weg mit den Gesch√§ften in der Innenstadt!;"Wenn man in Corona Zeiten der Innenstadt endg√ºltig den Garaus machen m√∂chte, macht der Hamburger Senat alles richtig. Oder glaubt man im Ernst, das nach abstruss steigenden Preisen f√ºr Parkraum und jetzt auch noch innerst√§dtischen Fahrverboten die noch kaufwilligen und kaufkr√§ftigen Menschen sich in Pandemiezeiten freiwillig in den √ºberf√ºllten √ñPNV setzen werden um in der Realwirtschaft am Neuen Wall einkaufen zu gehen?
Amazon, es lebe Dein Prime-Account!
[Teil des Beitrags gel√∂scht] Anmerkung der Redaktion: Dieser Teil des Beitrags wurde entfernt. Bitte machen Sie aus Datenschutzgr√ºnden keine Angaben zu Ihrer Person. Beachten Sie die Regeln zur Nutzung der Beteiligungsplattform (siehe FAQ)."
81;Sonstiges;Kritik;2020-10-17T09:53:20Z;0.3300;9;3;6;2;Jungfernstieg;"Sehr geehrte Damen und Herren, 
Ich finde eine komplette Sperrung f√ºr Autos am Jungfernstieg absolut fragw√ºrdig.
Der Verkehr wird nicht weniger, aber die kleinen Stra√üen rund um den G√§nsemarkt vollkommen verstopfen. Au√üerdem macht es die sowieso schon aussterbenden Innenst√§dte noch unattraktiver. Zumal ja auch daran gedacht wird, die Busse aus der M√∂nkebergstrasse zu verbannen. Schade das der station√§re Einzelhandel so wenig unterst√ºtzt wird. 
Eine autofreie Zone am Wochenende k√∂nnte ich noch verstehen - Wenn viele Menschen in der Innenstadt unterwegs sind.  
Die Hamburger werden ihre Autos nicht abschaffen bzw. Gerade in Zeiten einer Pandemie nicht im Winter auf den √ñPNV umsteigen. Es wird ein immer gr√∂√üeres Verkehrschaos geben und die Menschen zu online Shoppingportalen bringen."
82;Freiraumgestaltung und Aufenthaltsqualit√§t;Vorschlag;2020-10-17T11:57:14Z;0.9000;10;9;1;5;Mittelstreifen aufl√∂sen;"Ich finde die Idee gut, dass die Busse, Taxen und R√§der eine eigene Fahrbahn bekommen sollen. Jedoch finde ich diese geplante Mittelallee nicht so gut. Niemand m√∂chte sich zw. 2 Fahrbahnen setzen und dort die Aussicht genie√üen, w√§hrend links und rechts Busse an einem vorbei fahren. Ich zumind. nicht.

Warum l√∂st man diese ""Mittelallee"" nicht auf, und packt beide Fahrbahnen in die Mitte, sodass links und rechts deutlich mehr Platz entsteht? Dieser freie Platz k√∂nnte f√ºr Fahrradst√§nder und gro√üe, sch√∂ne Sitzinseln und Sitzgelegenheiten dienen, sowie eine ansprechende und dauerhafte Bepflanzung. Ebenso k√∂nnte man diese vielen ""Inseln"" auch f√ºr Skulpturen oder sonstige Kunst nutzen. Ein ansprechendes farbliches Lichtkonzept, w√§re ebenfalls sch√∂n. 

Der Jungfernstieg ist DER Platz in Hamburg, jedoch wird er sich auch nach den geplanten Umbauten nicht sonderlich von anderen Pl√§tzen innerhalb der Stadt unterscheiden."
83;Freiraumgestaltung und Aufenthaltsqualit√§t;Sonstiges;2020-10-17T15:58:00Z;0.8300;6;5;1;0;Endlich!;"Weniger L√§rm, Abgase, Autoposer!
Ich gebe die Hoffnung nicht auf, dass die Hamburg doch noch die Autozentriertheit zugunsten einer h√∂heren Aufenthaltsqualit√§t aufgibt."
84;Freiraumgestaltung und Aufenthaltsqualit√§t;Kritik;2020-10-17T17:09:16Z;0.1500;13;2;11;1;Keine gute Idee;"Ich halte nichts davon, den Jungfernstieg st√§ndig neu umzugestalten. In den letzten Jahren sind erhebliche Gelder in derartige Ma√ünahmen geflossen, die besser f√ºr das Ausbessern defekter Stra√üen h√§tten verwendet werden k√∂nnen. Es braucht keine Verkehrsberuhigung, da ohnehin nie viel Verkehr auf dem Jungfernstieg war. Abgesehen davon halte ich es f√ºr eine Benachteilung von Menschen mit Gehbehinderungen, darunter viele √Ñltere, die Innenstadt zunehmend ""abzuriegeln"". In Zeiten in denen viele Gesch√§fte schlie√üen m√ºssen, ist es alles andere als eine gute Idee, die Stadt immer weniger zug√§nglich zu machen."
85;Sonstiges;Kritik;2020-10-17T18:24:42Z;0.2000;5;1;4;1;Gute Ma√ünahme, um Shopping-Center zu beleben!;Warum sollte ich noch in die Innenstadt fahren, wenn ich die Shopping-Center bequem √ºber gro√üe Stra√üen zu erreichen sind inklusive kostenloses Parken vor der T√ºr? So funktioniert die gew√ºnschte Belebung der Innenstadt jedenfalls nicht! Um in die Innenstadt zu kommen, muss ich mich - dank der Verteufelung des Automobils - in √ºberf√ºllte Bahnen und Busse begeben oder durch den Regen radeln. Die Betreiber von Shopping-Center werden die Umbauma√ünahmen hoch erfreuen! Das Nachsehen haben die ohnehin schon gebeutelten Einzelh√§ndler in der Innenstadt. Kaufhof, Karstadt  und andere schlie√üen und sicherlich auch bald das Alsterhaus. Wer soll dann auf den gro√üz√ºgig angelegten, autofreien Boulevards spazieren? Bravo, Hamburger Senat!
86;Freiraumgestaltung und Aufenthaltsqualit√§t;Sonstiges;2020-10-17T18:38:44Z;10.000;2;2;0;0;Umbau Jungfernstieg;Super Projekt, eine tolle Bereicherung f√ºr die Innenstadt. So wird die Innenstadt auch deutlich attraktiver f√ºr die Fu√üg√§nger.
87;Freiraumgestaltung und Aufenthaltsqualit√§t;Sonstiges;2020-10-18T08:55:40Z;0.8800;9;8;1;0;Die richtige Entscheidung f√ºr Menschen und Handel;Vielen Dank f√ºr diese konsequente Ma√ünahme, die Zeit ist definitiv reif daf√ºr! Endlich wird Hamburgs gute Stube wieder ein qualit√§tvoller Aufenthaltsraum f√ºr alle Menschen. Und wer immer noch behauptet, dass der Handel davon nicht profitiert, sollte sich mal diese Studie aus London ansehen: https://www.heise.de/tp/news/London-Radwege-als-Wirtschaftsfoerderung-4877622.html
88;Freiraumgestaltung und Aufenthaltsqualit√§t;Vorschlag;2020-10-18T09:33:39Z;0.8700;16;14;2;5;Skateboard Fahren;Sehr gerne w√ºrden wir Curbs aufstellen, diese w√ºrden wir auch bezahlen. Man kann das auch so planen das es harmonisch mit Fu√üg√§ngern und Fahradfahrern funktioniert. Die Skateboard aktion wirkt belebend und Pasanten k√∂nnen auch der Artistik gerne zuschauen. Also eine Win Win Win Situation.
89;Fu√üverkehr;Vorschlag;2020-10-18T10:29:24Z;10.000;3;3;0;1;Gr√ºnstreifen;Die Stra√üe muss √ºberquert werden um auf den in der mitte liegenden Gr√ºnstreifen zu gelangen. Sinnvoller w√§re es, die bestehenden Wege zu verbreitern und dort Sitzm√∂glichkeiten zu schaffen.
90;Sonstiges;Kritik;2020-10-18T10:46:05Z;0.2100;14;3;11;1;Jungfernstieg autofrei sehr √ºbertrieben;Ich halte die Sperrung des Jungfernstiegs f√ºr den Individualverkehr f√ºr ma√ülos √ºbertrieben. DAs Ziele einer autoarmen Innenstadt ist ja okay, aber autofrei geht nicht. Insgesamt mussman sehr differenzieren. Am Jungfernsteieg ist genug Platz f√ºr die Fu√üg√§nger, da muss man nicht noch mehr schaffen. Die Schaffung eines separaten Fahrradweges und eine Spur pro Richtung f√ºr die Autofahrer ist v√∂llig okay und ausreichend. Bei der jetzt angedachten Regelung d√ºrften die Gesch√§fte in der Gro√üen Bleichen und im Neuen Wall leiden. Das kann nicht Sinn und Zweck sein.
91;Freiraumgestaltung und Aufenthaltsqualit√§t;Vorschlag;2020-10-18T12:41:33Z;0.5700;7;4;3;3;Mehr Curbs am Jungfernstieg;Ich w√ºnsche mir mehr skatebare Curbs am Jungfernstieg
92;Freiraumgestaltung und Aufenthaltsqualit√§t;Vorschlag;2020-10-18T12:57:46Z;10.000;6;6;0;1;Jungfernstieg Umgestaltung;"Wichtig ist, dass wo es m√∂glich ist die Stra√üe durch Gr√ºnfl√§chen ersetzt wird. Entweder Rasenfl√§chen, welche durch Passanten  genutzt werden k√∂nnen oder sonstige Anpflanzungen. 
Ich sehe andernfalls die Gefahr, dass Stra√üe durch einen gro√üen Platz ersetzt wird, was in kleinster Weise zur Aufenthaltsqualit√§t beitr√§gt."
93;Sonstiges;Kritik;2020-10-18T13:05:03Z;0.1600;6;1;5;4;Eine immer l√§cherlicher werdende F√ºhrung;"Hallo,

der Jungfernstieg wird autofrei. Soweit so gut. Wie zur aller Welt kann es aber sein, dass bereits seit ~ einem Jahr dort √ºberall Baustellen sind und erst jetzt richtig damit begonnen wird, ‚Äûumzubauen‚Äú? Dass das Weihnachtsgesch√§ft nicht gehindert werden soll und deshalb die Arbeiten sp√§ter beginnen ist verst√§ndlich, woher kommt dann aber der Gedanke, erst 2022 damit zu beginnen? Ihr habt doch alle einen auf den Deckel bekommen. Langsam macht sich die rot-gr√ºne Regierung l√§cherlich. Dass ihr alles mit Absicht macht, ist jedem bewusst. Ihr k√∂nnt doch nicht Baustellen zwei Jahre lang vor der richtigen Bauphase errichten und dann f√ºnf Jahre lang bauen. Mittlerweile sind √ºberall Baustellen und dass, weil der Verkehrssenstor ein auf ‚ÄûHeld von Hamburg‚Äú spielen m√∂chte ohne R√ºcksicht auf alles andere.

Es wird sich sowieso nichts √§ndern, aber die Folgen werden schon bald sp√ºrbar werden."
94;Freiraumgestaltung und Aufenthaltsqualit√§t;Vorschlag;2020-10-18T13:33:51Z;0.9400;18;17;1;6;Curbs, Curbs, Curbs;"Autofrei schon richtig Top, aber mit ein paar Curbs, schicken Obstacles w√ºrde der Jungfernstieg weiter an Attraktivit√§t gewinnen.

Ein centraler, sch√∂ner Spot ist definitiv ditt, watt Hamburg noch gefehlt hat.

Hamburg ist zwar schon die sch√∂nste Stadt der Welt, aber wir m√ºssen ja trozdem jetzt nicht aufh√∂ren, sie noch geiler zu gestalten."
95;Parken;Kritik;2020-10-18T19:00:47Z;0.2000;20;4;16;7;Kein Auto, kein Einkauf!;F√ºr mich ist die Konsequenz nun noch mehr online Einzukaufen. Die H√§ndler der Innenstadt werden die Quittung bekommen. Denn das gr√ºne Volk auf dem Fahrrad wird das nicht kompensieren.
96;Freiraumgestaltung und Aufenthaltsqualit√§t;Vorschlag;2020-10-18T22:27:32Z;10.000;5;5;0;0;Trinkwasserspender;Ein Trinkwasserspender wie am Rathausmarkt w√§re praktisch.
97;Anlieger und Lieferverkehr;Vorschlag;2020-10-18T23:28:44Z;10.000;11;11;0;0;elektronische Polleranlage;"Eine elektronische Polleranlage sollte die Zufahrtszeiten zum Jungfernstieg und angrenzenden Stra√üen regeln, damit dort wirklich kein MIV stattfinden kann.
F√ºr √ñPNV, Krankenwagen, Polizei, Feuerwehr, etc. senken sich die Poller kurzzeitig ab (mittels Sensor?!) und heben sich danach wieder.
F√ºr Lieferanten sind die Poller nur zu den angegebenen Zeiten heruntergelassen."
98;Radverkehr;Kritik;2020-10-18T23:32:16Z;0.8700;8;7;1;2;Rechtsabbiegerspur;Wozu gibt es beim neugestalteten Ballindamm eine Rechtsabbiegerspur zum autofreien Jungfernstieg? Die paar Lieferanten morgens k√∂nnen sich sicherlich eine Spur mit den Linksabbiegern zur Bergstra√üe teilen. Stattdessen werden Radfahrer wieder gezwungen den Radweg zu verlassen und die Fahrbahn zu queren.
99;Radverkehr;Frage;2020-10-19T10:12:21Z;0.1200;8;1;7;2;Rambo-Raser;"Was gedenkt der Senat zu tun, wenn sich, wie anzunehmen, auch diese schick und neuasphaltierte, gerade Radstrasse zu einer Rad-Rennstrecke entwickelt?

Warum geht der Umweltsenator nicht die wirklichen Problemzonen in der Altstadt an? Die unn√∂tigen Hotels, die noch mehr Auto- und vor allem Bus erwehr in die City bringen, die Stadtautobahn, die Alt- und Neustadt seit mehrmals 50 Jahren durchschneidet?
Am Jungfernstieg wohnt niemand."
100;Freiraumgestaltung und Aufenthaltsqualit√§t;Vorschlag;2020-10-19T11:46:47Z;10.000;1;1;0;3;Urbaner Multifunktionsplatz;"Die Innenstadt Hamburg ben√∂tigt neben den zahlreichen Einkaufs- und Verg√ºngungsm√∂glichkeiten noch einen Ausgleich im Bereich Urbanem Sport.
So w√§ren multifunktionale Stadtm√∂bel eine M√∂glichkeit, u.a. urbanen Bewegungssportarten wie z.B. Parcour oder Skateboard fahren eine M√∂glichkeit zu geben, sich an dem Ort neben dem allt√§glichem Geschehen zu beteiligen und neue Eindr√ºcke f√ºr die Anwesenden zu schaffen. Dadurch ensteht aus Architektur eine √§sthetische Praxis. 
Ein Konzept dazu soll aus wellenf√∂rmigen Elementen entstehen, die sowohl als Sitzgelegenheit, als auch als m√∂gliches Hinderniss f√ºr Urbane Sportarten dienen. 
Auch Outdoor-Fitness Ger√§te und Sportarten wie Botscha sind einfach integrierbar.
Die Verortung ist zwischen dem neuen Fahrradweg und dem bereits bestehendem Teil des Jungfernstiegs nebem dem Alster Pavilion denkbar.

F√ºr mehr Bewegung in der Innenstadt!"
101;Radverkehr;Vorschlag;2020-10-19T12:00:15Z;0.8800;9;8;1;2;Fahrbahnen trennen;"Hallo,
bitte nehmen sie sich doch mal Holland als Vorbild....also in diesem Fall konsequente Trennung von Rad- und Auto-/Busverkehr. 1 breiter Radweg, der in beiden Richtungen befahrbar ist, so w√ºrde es in Holland gemacht werden.
Ist leider in der Hafen-City im hinteren Teil, Richtung Elbbr√ºcken auch vers√§umt worden."
102;Radverkehr;Vorschlag;2020-10-19T12:02:04Z;10.000;7;7;0;0;Parksituation Rad;Fahrradabstellm√∂glichkeiten
103;Freiraumgestaltung und Aufenthaltsqualit√§t;Kritik;2020-10-19T12:38:44Z;0.1300;15;2;13;3;Steuergeldverschwendung;Der Jungfernstieg wurde erst 2006 aufw√§ndig in gemeinsame Iniative von B√ºrgern und Unternehmern umgestaltet, der gute Radweg z√§hlte zu einem der teuersten in Hamburg. Nun wird hektisch und scheinbar planlos umgestaltet. Eine Verbesserung ist das f√ºr Radfahrer und Fu√üg√§nger nicht.
104;√ñPNV;Kritik;2020-10-19T14:22:09Z;0.2000;15;3;12;1;Vorsicht Radfahrer;"...huch, da komme ich auf gar keinen Fall mehr in die Stadt! T√ºten in die schmutzige Bahn tragen,
unterwegs angequatscht von zwielichtigen Gestalten, wenn man nicht schon vorher  von irgendeinem rasenden Radfahrer umgenietet wurde......nee,nee,nee...die Gesch√§fte tun mir jetzt schon leid......."
105;Sonstiges;Vorschlag;2020-10-19T14:32:17Z;10.000;3;3;0;1;Gastronomie;"Ich w√ºnsche mir f√ºr diesen zentralen Standort, dass hier einmal dar√ºber nachgedacht wird, wie gute, vielf√§ltige Gastronomie angesiedelt werden kann. Wieso finden sich hier nur gro√üe Ketten und Systemgastronomie wie z. B. das ALEX in Top-Lagen wie dem Alsterpavillon?

Der Ort w√ºrde sehr viel gewinnen, wenn hier auch kleinere, Inhabergef√ºhrte Gastronomien eine Chance bek√§men (z. B. durch niedrige Mieten). Auch hier k√∂nnte sich das Thema Nachhaltigkeit widerspiegeln. Ein Alex legt da mit Sicherheit keinen Wert drauf."
106;Sonstiges;Kritik;2020-10-19T16:34:09Z;0.9100;12;11;1;5;Wildfahrende / Kampffahrende;Scheinbar fahren weiterhin ungehemmt Privatautos √ºber den Jungfernstieg, die Radfahrende bedr√§ngen und behindern.
107;Radverkehr;Vorschlag;2020-10-19T16:36:16Z;10.000;21;21;0;4;Radweg nach Kopenhagener Vorbild;"Moin zusammen, 
Autos auf dem Jungfernstieg rauszuwerfen ist super, die schnellen Ma√ünahmen auch erfrischend. 
Bei der zuk√ºnftigen Umgestaltung sollte auf Radwege wie in Kopenhagen gesetzt werden. KFZ-Spur, Kantstein, asphaltierter Radweg (f√ºgt sich in Gestaltung des Jungfernstiegskonzept ein), Kantstein, Gehweg. Somit gibt es haptische Abgrenzungen zwischen den Verkehrsteilnehmenden. 
Im Bereich von Bushaltestellen: KFZ-Spur/Bushaltestellenbereich, Kantstein, Bushaltestellenverweilbereich f√ºr Personen, Gel√§nder wie an der Burgstra√üe, Kantstein runter, asphaltierter Radweg, Kantstein hoch, Gel√§nder, Gehweg. Zebrastreifen auch an den √úberg√§ngen von Gehweg zu Bushaltestellenverweilverweilbereich. 
Pr√§misse f√ºr Radweg breite: zwei Radfahrende nebeneinander bei gleicher Geschwindigkeit, ein*e Radfahrende kann noch √ºberholen. 
Viele Gr√º√üe"
108;Sonstiges;Vorschlag;2020-10-19T17:50:31Z;0.8100;22;18;4;32;Ein erster Schritt in die richtige Richtung;Langfristiges Ziel (innerhalb der n√§chsten 10 Jahre) muss es sein, die komplette Innenstadt innerhalb des Wallrings (mit Ausnahme der Ost-West-/Ludwig-Erhard-/Willy-Brandt-Stra√üe) f√ºr den Autoverkehr zu sperren. Nat√ºrlich nicht alles auf einmal, sondern St√ºck f√ºr St√ºck. Ausgehend von der autofreien Keimzelle Jungfernstieg k√∂nnte alle drei Monate ein weiteres St√ºck der Innenstadt f√ºr den Autoverkehr gesperrt werden ‚Äì zun√§chst einen Monat lang nur am Wochenende, anschlie√üend dauerhaft, und nach zwei weiteren Monaten das n√§chste St√ºck. Auf diese Weise k√∂nnen sich unsere Auto-Dinosaurier langsam an die neue menschen- und umweltfreundliche Realit√§t gew√∂hnen. Und ja, Ausnahmeregelungen f√ºr Lieferanten, Handwerker, Anwohner, Alte und Gehbehinderte m√ºssen dabei mitgedacht werden. Das spricht aber nicht gegen die Ma√ünahmen an sich.
109;Freiraumgestaltung und Aufenthaltsqualit√§t;Kritik;2020-10-19T20:13:40Z;0.1600;12;2;10;3;"Innenstadt wird zu ""No-Go"" Zone f√ºr Hamburger";Den Jungfernstieg und Teile der Innenstadt autofrei zu gestalten bedeutet nur, dass viele Teile der normalen, arbeitenden Bev√∂lkerung einen gro√üen Bogen um die Innenstadt machen werden. Das mag gewollt sein - aber was bleibt √ºbrig: was wir am Jungfernstieg in den letzten Jahren immer mehr sehen: Demos von komischen Interessengruppen, herumlungernde Jugendliche und Touristen. Wer lange arbeitet und schnell etwas besorgen will kann immer weniger darauf vertrauen in der Innenstadt f√ºndig zu werden und schnell nach Hause zu fahren. Dann lieber bei Amazon bestellen. Sp√§tenstens wenn die Innenstadt zum halbleeren Krimin√§lit√§ts-Hotspot geworden ist, werden sich einige wundern. Aber dann ist es zu sp√§t!
110;Sonstiges;Frage;2020-10-19T21:42:01Z;0.2000;5;1;4;1;Wie sieht es mit Kleinkraftr√§dern aus;"D√ºrfen kleine Vespas mit 50er/Saisonkennzeichen weiterhin dort fahren und parken? Ich bin nicht gut zu Fu√ü und die Innenstadt w√§re f√ºr mich sonst nicht mehr erreichbar. Man kann hier ja auch gern ein Tempo 30 daf√ºr einrichten, auch wenn mich dann der ein oder andere Radfahrer √ºberholt, w√ºrde mich nicht st√∂ren. 
Rege hiermit auch spezielle Parkfl√§chen f√ºr Kleinkraftr√§der an."
111;Fu√üverkehr;Sonstiges;2020-10-20T08:17:42Z;0.8300;6;5;1;0;Super Sache;Endlich kann man richtig am Jungfernstieg schlendern. Ohne L√§rm und Autoposer. Nur die Polizei sollte das Durchfahrverbot besser durchsetzen.
112;Freiraumgestaltung und Aufenthaltsqualit√§t;Vorschlag;2020-10-20T12:05:11Z;10.000;3;3;0;1;Gr√ºnstreifen;Tolle Sache! Ich w√ºnsche mir einen Gr√ºnstreifen in der Mitte mit Blumen, Pflanzen und B√§umen sowie attraktiven Sitzgelegenheiten. Ein Trinkwasserspender w√§re auch sehr praktisch.
113;Radverkehr;Kritik;2020-10-20T16:08:50Z;0.8500;7;6;1;3;Autos raus aus der Stadt;"Radinfrastruktur verbessern!
Bessere Radwege. Breitere Radwege. Weniger Kampagnen und abspeisen mit Stadtr√§dern. Ich will RadWEGE"
114;Sonstiges;Kritik;2020-10-20T17:39:15Z;0.2500;12;3;9;4;Tod der Innenstadt und des Einzelhandels;"Da haben die Leute, die kein Auto haben oder nicht darauf angewiesen sind, mal wieder eine ganz tolle Idee gehabt . . . 

Alle beschweren sich, da√ü immer mehr Leute im Internet kaufen und der Einzelhandel in den St√§dten vor die Hunde geht. Und dann so eine bekloppte Idee . . . . 

Wenn das unbedingt so gewollt ist, werde ich jetzt auch den online-Handel bevorzugen.

Die sollen mal nachdenken, bevor sie handeln !

Den Schaden wieder r√ºckg√§ngig zu machen, d√ºrfte fast unm√∂glich sein . . ."
115;Radverkehr;Vorschlag;2020-10-20T18:08:49Z;10.000;5;5;0;0;Erschliessung der Neustadt f√ºr Radfahrende (Axe Gro√üneumarkt - G√§nsemarkt wieder beleben);"Viele Quer- und Sekund√§rverbindungen in der Neustadt wurden gesperrt, um den Autoverkehr Einhalt zu gebieten. Wenn dieser abnimmt, k√∂nnen die traditionellen Wege wieder ge√∂ffnet werden. 
Es soll die Axe Colonnaden-B√ºschestra√üe-G√§nsemarkt-ABC.Stra√üe1-Axel Springer Passage (im Bau), Neust√§dter Stra√üe - Breiter Gang - Thielbek - Gro√üneumarkt wieder freigegeben werden. Diese ist vorteilhaft verkehrsberuhigt und ohne Steigung. 

Konflikte sind auf dem G√§nsemarkt durch eine entsprechende Verkehrszeichnung 0325.1 vermeidbar und vertretbar."
116;Parken;Vorschlag;2020-10-20T18:18:25Z;0.1100;9;1;8;4;Pl√§tze f√ºr KfZ-Kurzaufenthalte;Es brauchen Pl√§tze f√ºr Kurzaufenthalte, die den restlichen unmotorisierten Verkehr nicht gef√§hrden.
117;Parken;Vorschlag;2020-10-20T18:29:48Z;0.0000;2;0;2;2;Shuttle zum Heiligengeistfeld als Parkplatz;"Um die Nachfrage nach motorisierter Mobilit√§t trotzdem zu bedienen, w√§re es denkbar, ein kostenlose Hop-On/Hop-Off-Shuttlebus vom Parkplatz bis zum Jungfernstieg einzurichten. 
Es passen bestimmt 5.000 KfZ auf dem Heiligengeistfeld, die Parkgeb√ºhre k√∂nnen den Shuttledienst finanzieren.
Im Rahmen der ITS 2021 ist bereits ein vollautomatisierter Fahrdienst geplant. Wenn die Pilotphase erfolgreich ist, k√∂nnte man den Jungfernstieg in die Route aufnehmen.
Ein anderer, interessanter Standort ist als Startpunkt der Unibail-Robco Einkaufszentrum mit 5.000 kfZ in der HafenCity. Ebenfalls der Hauptbahnhof als gro√üer Zubringer."
118;Sonstiges;Vorschlag;2020-10-20T18:41:44Z;10.000;2;2;0;0;Kommunikation um die Funktionalit√§t der Stadt vs. andere Dimensionen;"Die Stadt soll nicht nur in seiner funktionale, sondern auch in seine historische, √§sthetische und soziale Dimension geplant werden. Ich w√ºnsche, diese Aspekte werden durch eine gute Kommunikation vermittelt.
Change Management soll bei √Ñnderungen in Unternehmen sowie in der Stadtplanung solche Projekte begleiten. 
Noch sind viele ""technische"" Ma√ünahmen sichtbar, der Mensch bei dem es ankommen soll, wurde nicht immer vor dem Umsetzungszeitpunkt mitgenommen. 
Noch Vielen Dank f√ºr die Beteiligung und Viel Erfolg!"
119;√ñPNV;Frage;2020-10-20T18:54:06Z;0.7500;4;3;1;0;Emissionsfreie Busse;W√§re es m√∂glich vorzuschreiben, dass nur emissionsfreie Busse auf dem Jungfernstieg verkehren?
120;Freiraumgestaltung und Aufenthaltsqualit√§t;Vorschlag;2020-10-20T19:03:50Z;0.7500;4;3;1;0;Mehr Kioske auf dem Jungfernstieg;"ich w√ºrde mir mehr kleine, h√ºbsche Kioske auf dem Jungfernstieg w√ºnschen, etwa f√ºr Zeitungen, Souvenirs, Konzertkarte (insb. Abendkasse), Blumen, Pop-Up Book Store f√ºr die neueste Romane,  Last-Minute-Geschenk  etc. 
Mit einer ansprechenden Gestaltung, einem Lastheft gegen Touristenabzocke und schlechter Betreiberlaune, k√∂nnte der gesamt Bereich deutlich aufgewertet werden. Wichtig ist die Dimension, es sollen keine Bauklotze entstehen, sondern eine Einladung zum flanieren werden, die sich finanziell selbst tr√§gt und die f√ºr Animation in den sp√§ten Abendstunden sorgen.
Gro√üveranstalter sind nicht zu bevorzugen und es darf kein langfristiger Monopol entstehen.
Gerne w√ºrde ich diese Idee ausf√ºhrlicher entwickeln, falls ein Workshop stattfindet."
121;Parken;Vorschlag;2020-10-20T19:06:16Z;10.000;7;7;0;1;Fahrradb√ºgel;aktuell sind diese Mangelware, es ist schwierig am Jungfernstieg zu parken
122;Sonstiges;Vorschlag;2020-10-20T19:13:45Z;10.000;2;2;0;0;Verbindung Elbe - Alster sicherstellen, Rathausmarkt umgestalten;"Die Verbindung von der Elbe zur Alster w√ºrde von einer Verbesserung der Route durch Alten Wall - Rathausmarkt - Reesendamm profitieren. 
Es sollte versucht werden, die Bushaltestellen vom Rathausmarkt auf den Jungfernstieg zu verlagern und den Verkehr direkt auf die Bergstra√üe weiterzuleiten, um den Rathausmarkt zu entlasten. 
Mit dem frei gewordenen Platz kann mehr Gastronomie mit Terrassen n√∂rdlich des Rathausmarkt entstehen."
123;√ñPNV;Sonstiges;2020-10-20T19:33:07Z;0.8400;13;11;2;0;Pro Autofrei;Ich begr√º√üe sehr die Umwandlung des Jungfernstiegs in eine autofreie Zone, dieses Herzst√ºck der Stadt geh√∂rt nicht den Autos. Aufenthaltsqualit√§t wird durch die Ma√ünahme gest√§rkt, der Umweltverbund gef√∂rdert. U- und SBahngleise m√ºssen barrierefrei erreicht werden k√∂nnen!
124;Fu√üverkehr;Kritik;2020-10-21T13:40:57Z;0.9000;11;10;1;3;"Umleitung f√ºr PKW am G√§nsemarkt -&gt; riesige Gefahr f√ºr Fu√üg√§nger:innen am √úbergang ohne Ampel/Zebrastreifen";"Am G√§nsemarkt ist durch die Sperrung des Jungfernstiegs und die damit verbundene Umleitung f√ºr PKW ab dem G√§nsemarkt eine erhebliche Gefahrensituation f√ºr Fu√üg√§nger:innen entstanden:

Die Abzweigung des G√§nsemarkts, die zu den Hohen Bleichen/ABC-Stra√üe f√ºhrt, und in der Tempo 20 herrscht, wurde bis zur Sperrung des Jungfernstiegs nicht allzu stark genutzt.

Seitdem vor einigen Jahren die Ampel abgebaut worden ist, gab es aber auch schon bei geringem Verkehrsaufkommen Konflikt- und Gefahrensituationen: Das Tempo-20-Schild wird n√§mlich leider von den meisten ignoriert. Und vielen Fu√üg√§nger:innen ist gar nicht bewusst, dass sie nicht nur auf Rechtsabbieger vom Valentinskamp, sondern auch auf die von der Dammtorstra√üe mit meistens min. 50 km/h anrauschenden Autos achten m√ºssen.

Hier muss dringend eine bauliche L√∂sung gefunden werden, um die Fu√üg√§nger:innen zu sch√ºtzen. Sonst wir es aufgrund des jetzt so hohen Verkehrsaufkommens und der nicht angepassten Geschwindigkeit zu Unf√§llen kommen."
125;Anlieger und Lieferverkehr;Vorschlag;2020-10-21T18:28:49Z;0.5000;2;1;1;0;mit Fahrrad schneller einkaufen;"Ziel der Umgestaltung ist einerseits, ein angenehmes Flanieren zu erm√∂glichen, andererseits die Effizienz der Innenstadt als Kaufzentrum zu steigern. 
Aktuell ist es sehr m√º√üig, sich von A nach B innerhalb des ersten Rings zu bewegen. Viele Einbahnstra√üen, Durchfahrverbote und Treppen hindern ein schnelles bzw. sicheres Durchkommen.
Es sollen alle Einbahnstra√üen innerhalb der Innenstadt f√ºr den Gegenverkehr freigegeben werden, und Sperrungen der Stra√üen durch Bebauungen (z.B. Raboisen/Ferdinandstra√üe/Rosenstra√üe durch Europapassage, Ellerntorbr√ºcke durch Dt-Jap.Zentrum, H√ºtten durch MotelOne) oder durch ausschliessige Fu√üg√§ngerzonen vermieden werden..."
126;Radverkehr;Kritik;2020-10-21T18:36:27Z;0.7500;4;3;1;1;Gefahrstelle;Radfahrende vom Jungfernstieg zum Ballindamm biegen nach Links, Taxis und Busse Richtung Bergstra√üe biegen nach rechts, beide kreuzen sich in der schlecht gedesignte Einbuchtung. Bitte nachbessern!
127;Radverkehr;Vorschlag;2020-10-21T18:45:45Z;0.9000;10;9;1;0;Hohe Verf√ºgbarkeit der Velorouten sicherstellen;die Velorouten verlaufen alle durch das Gebiet. Somit trifft die Neue Planung viele Radfahrende. Es soll sichergestellt werden, dass die Velorouten hoch verf√ºgbar bleiben und nicht durch Veranstaltungen und dauerhafte Stausituationen gehindert werden.
128;Sonstiges;Kritik;2020-10-21T19:47:26Z;0.2500;4;1;3;1;Jungfernstieg gesperrt f√ºr Individualverkehr;Unfassbar - wie kann man so ein Unsinn verzapfen.....
129;Sonstiges;Kritik;2020-10-21T20:49:43Z;0.0000;7;0;7;4;Politischer Verdr√§ngungswettbewerb;"Es kann nicht sein, dass in jeder Legislaturperiode neue Erkenntnisse aus dem Parteibuch einer &gt;20% Partei bei gut 60% Wahlbeteiligung also nur von 12% der Bev√∂lkerung abgeleitet zu einer Drangsalierung der gesamten Bev√∂lkerung f√ºhrt..."
130;Freiraumgestaltung und Aufenthaltsqualit√§t;Kritik;2020-10-21T20:56:39Z;0.2600;15;4;11;19;Jungfernstieg autofrei;"Das ist doch nur auf dem Mist des Radfahrsenators Tjarks gewachsen. Am liebsten w√ºrde dieser unf√§hige Mensch doch das Auto am liebsten ganz verbieten, damit er auf seinem Fahrrad gl√ºckselig durch die Gegend radeln kann.

Was sind schon 800.000 PKWs in Hamburg, die zahlen ja nur doof Steuern, damit noch mehr Behinderungen durch Radwege auf Steuerzahlers kosten gebaut werden k√∂nnen !

Konsequent w√§re gewesen, auch die ganzen Rad-Rambos auf dem Jungfernstieg zu verbieten,denn Flaneure und Radfahrer, dass passt einfach nicht, siehe alter Elbtunnel, den Tjarks ja auch schon ohne Grund Autofrei gemacht hat: Die Radfahrer klingeln dort die Fu√üg√§nger gnadenlos aus dem Weg ! Wenn dieser Tjarks so weiter macht, mag es ja eine tolle Aufenthaltsqualit√§t am Jungfernstieg geben, doch Gr√ºnde, um dort hinzufahren gibt es ausser g√§hnender Langeweile nicht mehr"
131;Freiraumgestaltung und Aufenthaltsqualit√§t;Sonstiges;2020-10-21T23:11:38Z;10.000;7;7;0;0;Ich freu mich so!;Endlich ist es geschafft. Die gute Stube unserer sch√∂nen Stadt wird autofrei! Danke!
132;Freiraumgestaltung und Aufenthaltsqualit√§t;Kritik;2020-10-22T07:56:23Z;0.0000;8;0;8;1;Bringt;Das ganze Projekt ist v√∂llig sinnlos! Flaniermeile??? Darunter stelle ich mir etwas ganz anderes vor! Hat mal jemand ernsthaft versucht √ºber die ‚Äûverkehrsberuhigte‚Äú M√∂nckebergstra√üe zu schlendern? Da liegt man ratzfatz unter einem der Busse die das hin-und-her-donnern... Von beruhigt kann da nicht die Rede sein! Wenn, dann richtig! Kein Bus, kein Taxi... maximal eScooter und Lieferverkehr bis 10:00h. Ende. Dann h√§tte man eine Echte verkehrsberuhigte Flaniermeile, alles andere ist nur Augenwischerei und G√§ngelung der Autofahrer.
133;√ñPNV;Vorschlag;2020-10-22T09:08:30Z;0.4200;7;3;4;3;Busverkehr durch kosten- und immissionsfreien City-Shuttle-Linie ersetzen;"Der Busverkehr k√∂nnte f√ºr die Innenstadt auf eine Linie reduziert bzw. durch einen Stra√üenbahnshuttle ersetzt werden. Zwischen drei Umsteigepunkten Hauptbahnhof, Dammtor, R√∂dingsmarkt k√∂nnte ein Stra√üenbahn/ Busbetrieb (Elektro-/ Wasserstoffantrieb) in einem F√ºnf-Minuten-Takt als kostenfreier City-Shuttle alle Personen in die Innenstadt bringen, die nicht mit U-/S-Bahn, Fahrrad oder zu Fu√ü unterwegs sind. Der Buslinienverkehr von diesen Umsteigepunkten aus in die anderen Stadtteile k√∂nnte um die Innenstadt herumgeleitet werden.
Im √úbrigen: Als konsequenter Fahrradfahrer, der in der Innenstadt arbeitet, freue ich mich sehr auf den neuen Jungfernstieg!"
134;Anlieger und Lieferverkehr;Kritik;2020-10-22T10:06:11Z;0.1500;13;2;11;4;Traurige Entwicklung;Was f√ºr eine verblendete Verkehrspolitik: Ohne Sinn und Verstand werden Hamburgs Herzst√ºck Junfernstieg und die umliegenden Einkaufsstra√üen/-passagen trockengelegt. Hier flie√üt bald gar nichts mehr, auch kein Geld f√ºr Ladenbetreiber und Gastronomen. Mein Mitleid gilt auch den vielen Arztpraxen im Quartier, die viele ihrer Patienten wegen dieser mutwilligen Verkehrsbehinderung verlieren werden. Ganz, ganz miserable Leistung des Senats!
135;Sonstiges;Vorschlag;2020-10-22T10:22:24Z;0.1100;9;1;8;2;20er Zone statt Verbannung;Statt die Autos komplett zu verbannen, sollte eher √ºber eine 20er Zone mit Geschwindigkeitshindernissen nachgedacht werden!
136;Sonstiges;Vorschlag;2020-10-22T11:16:13Z;10.000;5;5;0;4;Fahrspuren besser kennzeichnen;"Die Fahrspur, die vom Ballindamm rechts auf den Jungfernstieg f√ºhrt, sollte auf der Fahrbahn deutlich mit ‚ÄûTaxi‚Äú beschriftet werden, damit man erkennt, dass hier keine Pkw durchfahren d√ºrfen.
Ebenso sollte die linke Fahrspur der Dammtorstrasse vor dem G√§nsemarkt als Busspur von der Haltestelle Stephansplatz fortgef√ºhrt werden, so dass f√ºr den Individualverkehr nur noch die rechte Spur zur Verf√ºgung steht. 
Vom Neuen Jungfernstieg sollte es nur noch eine Spur zum abbiegen auf den Jungfernstieg geben, die ebenfalls auf der Fahrbahn mit ‚ÄûTaxi‚Äú gekennzeichnet wird.
Auf dem Neuen Wall sollte vor der Poststra√üe auf der Fahrbahn ein Abbiegepfeil markiert werden. Eine wei√ü gestrichelte Linie am Fahrbahnrand sollte den Weg in die Poststra√üe markieren."
137;Anlieger und Lieferverkehr;Kritik;2020-10-22T18:36:49Z;0.9000;10;9;1;1;Ausweichverkehr vermeiden - City-Maut;"F√ºr die 12.000 Anwohner der Neustadt, ist eine Verlagerung des motorisierten Verkehrs auf die Ludwig-Erhardt-Stra√üe zu vermeiden. Diese ist schon ges√§ttigt, Luftgrenzwerte werden √ºberschritten.
Nur eine radikale Senkung des Verkehrsaufkommens kann die Luftreinhaltung sicherstellen.
Es soll eine City-Maut eingef√ºhrt und Parkm√∂glichkeiten ausserhalb des 1.Rings eingerichtet werden."
138;Anlieger und Lieferverkehr;Sonstiges;2020-10-22T18:47:49Z;0.8300;6;5;1;0;nur 3% der Anwohner der Neustadt nutzen das Auto;http://www.neustadt.io/
139;Freiraumgestaltung und Aufenthaltsqualit√§t;Vorschlag;2020-10-22T20:24:15Z;10.000;5;5;0;2;Jungfernstieg neu;"Vor etlichen Jahren wurde der J. mal wieder umgebaut und man nahm ihm die vielen B√§ume, insbes. die vor dem Alsterhaus, weg., angeblich, um den Effekt einer gehobenen Flaniermeile zu erreichen.

Jedoch, seitdem ist es an hei√üen Sommertagen nicht m√∂glich, Schatten zu finden. Die paar Ersatzb√§ume zur Wasserseite hin helfen da nicht weiter.

Vielleicht doch ein paar B√§ume mehr anpflanzen und weniger Pflastersteine einsetzen?"
140;Freiraumgestaltung und Aufenthaltsqualit√§t;Kritik;2020-10-23T01:33:04Z;0.0000;4;0;4;1;Jungfernstieg;Eine einzige Katastrophe. Auf Jungfernstieg und Moenkebergstrasse k√∂nnte man Horrorfilme drehen. Vermisse die Autoposer schon jetzt.
141;Anlieger und Lieferverkehr;Kritik;2020-10-23T01:35:44Z;0.2000;30;6;24;57;Ihr m√ºsst mehr f√ºr die Autofahrer unternehmen;Autofahrer haben es in Hamburg immer schwerer, und werden immer mehr eingeschr√§nkt. Es ist momentahn nur noch eine Katastrophe!! ihr m√ºsst die Stra√üen weiter ausbauen und verbreitern. Und nicht das Gegenteil, wie das jetzt gerade leider in Hamburg abl√§uft!
142;Freiraumgestaltung und Aufenthaltsqualit√§t;Kritik;2020-10-23T10:01:24Z;0.8800;9;8;1;0;Absolut gro√üartig!;Trotz der Absperrz√§une sind das Potential und der Flair schon jetzt zu sehen und zu sp√ºren. Die neuen Bewegungsm√∂glichkeiten zu Fu√ü und auf dem Rad werden aus meiner ersten Beobachtung ausgezeichnet angenommen. Wenn die Mitte der Fahrbahn entsprechend hergerichtet ist, wird das einen Charakter haben, der diesem besonderen Ort im Herzen der Stadt gerecht wird. Ich freue mich darauf und hoffe sehr, dass in diese Richtung weitergedacht und -geplant wird!
143;Sonstiges;Kritik;2020-10-23T14:07:46Z;0.7500;4;3;1;2;Fahrverbote;"Liebes Orga-Team.
Macht den Jungfernstieg komplett zur Flaniermeile, ohne Bus,Taxi etc.
Das erspart Kontrollen und Geld.
Das Ergebnis w√§re so sch√∂n wie z.B. in M√ºnchen."
144;Freiraumgestaltung und Aufenthaltsqualit√§t;Vorschlag;2020-10-23T16:23:01Z;0.6600;3;2;1;3;Super tolle Idee, aber macht es einladender!;Die Idee ist toll und der autofreie Jungfernstieg so angenehm, aber momentan sehen die Absperrungen einfach aus wie eine Baustelle! Gibt es M√∂glichkeiten das Projekt einladender zu gestalten? Dies w√ºrde f√ºr alle Teilnehmenden und Besuchenden deutlich attraktiver sein!
145;Anlieger und Lieferverkehr;Kritik;2020-10-23T19:46:43Z;0.0000;7;0;7;6;Individuelle Mobilit√§t;F√ºr mein Empfinden ist eine Reduktion des Individualverkehrs nachvollziehbar, eine komplette Abschaffung bedeutet einen Eingriff in das Individualrecht. Durch gezielte bauliche Ma√ünahmen sollte der Verkehr gebremst und vertr√§glich gemacht werden, dennoch sollten Parkpl√§tze vorfallen f√ºr Handwerk und Lieferanten erhalten oder geschaffen werden.
146;Freiraumgestaltung und Aufenthaltsqualit√§t;Kritik;2020-10-24T22:14:43Z;0.1400;7;1;6;3;Umbau Jungfernstieg;"echt v√∂llig unn√∂tig diese Aktion - und wir finden absolut verantwortungslos gegen√ºber dem Einzelhandel und seinen Besch√§ftigten. 
Der Einzelhandel in Deutschland k√§mpft seit Jahren mit grossen Problemen und viele St√§dte haben dadurch viele Leerst√§nde in den Fuss√§ngerzonen etc. 
Warum muss solch eine Entwicklung noch aktiv gef√∂rdert werden ???
Sind gespannt auf die Kommentare der Leute welche diese Entwicklung f√∂rdern und nachher sich aufregen ja warum haben wir keine Gesch√§fte mehr ???? Wo k√∂nnen wir denn jetzt einkaufen ? Unversch√§mtheit das es in der Stadt kaum noch Gesch√§fte gibt ...........
auch die √Ñltere Generation wird darunter sehr, sehr zu leiden haben ....
aber dieses Problem ist halt hausgemacht"
147;Freiraumgestaltung und Aufenthaltsqualit√§t;Vorschlag;2020-10-25T11:45:42Z;0.8100;11;9;2;0;Das Ob ist schon gekl√§rt, jetzt geht es ums Wie!;Der autofreie Jungfernstieg ist nicht nur beschlossene Sache, sondern bereits umgesetzt und steht hier auch gar nicht mehr zur Debatte. Insofern kommt die generelle Kritik unserer lieben Autofahrer hieran nicht zu sp√§t und ist nicht zielf√ºhrend. Hier und jetzt geht es lediglich um die Frage, wie der Jungfernstieg umgestaltet werden soll. Und da w√ºnsche ich mir Folgendes: (1) Breite (mind. 3 m pro Richtung) Fahrradwege, die auch baulich von den Busspuren und -haltestellen getrennt sind (2) Mehr B√§ume, Gr√ºnfl√§chen und Sitzgelegenheiten (3) Der gr√ºne Mittelstreifen geht bis zur endg√ºltigen baulichen Umgestaltung in Ordnung, sollte aber langfristig wegfallen, letztendlich ist er auch nur eine bessere Verkehrsinsel (4) Belebung der Fl√§che, etwa durch kleine B√ºhnen f√ºr Stra√üenmusiker oder Kleink√ºnstler.
148;Sonstiges;Kritik;2020-10-25T12:24:01Z;0.1500;13;2;11;6;Jungfernstieg;Das Verbot f√ºr Autos macht in meinen Augen keinen Sinn. Die Stra√üe, die bis jetzt als viel befahren und sch√∂n bekannt war, quasi ein Merkmal Hamburgs sieht jetzt tot und langweilig aus. Will man wirklich dass auf einer der ber√ºhmtesten Stra√üen einer Millionstadt nur Busse und ein paar Taxis rumfahren?
149;Radverkehr;Vorschlag;2020-10-25T13:10:42Z;0.6000;5;3;2;0;Jungfernstieg;[Anonym] ich w√ºnsche mir das es eine Fahrradstra√üe in beide Richtungen gibt.
150;Sonstiges;Frage;2020-10-25T14:26:45Z;0.0000;0;0;0;0;Welches Planungsrecht findet hier Anwendung?;In wie fern f√ºgt sich diese B√ºrgerbeteiligung in einem formellen Planungsprozess?
151;Barrierefreiheit;Vorschlag;2020-10-25T19:33:52Z;10.000;3;3;0;0;Rampe zur U-Bahn;"Rollstuhlfahrer und andere Mobilit√§tsbeschr√§nkte (ja, es gibt auch Menschen, die wegen ihrer Behinderung keinen F√ºhrerschein haben) m√ºssen derzeit drei Aufz√ºge hintereinander nutzen, um vom U2/U4-Bahnsteig auf die Stra√üenebene und umgekehrt zu gelangen ‚Äì das ist umst√§ndlich und defekt-anf√§llig.

Da durch die Reduzierung der Fahrbahn des Jungfernstieg auf zwei Spuren Platz an der Oberfl√§che gewonnen wird, m√ºsste es m√∂glich sein, zwischen der Stra√üenebene und dem oberen Zwischengeschoss (mit der Ladenpassage) eine Rampe zu bauen, und damit den obersten der drei Aufz√ºge zu ersetzen.

Dann br√§uchten diese Menschen mit Behinderung nur noch vor zwei Aufz√ºgen hintereinander zu warten."
152;Radverkehr;Kritik;2020-10-26T09:18:13Z;0.5000;2;1;1;1;Fahrradfahrer*innen und Bus-/ Taxiverkehr;Als Fahrradfahrerin ist die eine Spur zu eng um ohne gro√üe Angst dort l√§ngs zu fahren. Eine breitere Spur mit Radfahrstreifen w√§re w√ºnschenswert. Man kann nicht einfach so am Bus vorbeifahren und es kommt zum Stau.
153;Radverkehr;Vorschlag;2020-10-26T09:33:14Z;0.2000;5;1;4;4;Probleme und Gefahren infolge der Schlie√üung der Gro√üen Bleichen;"Die ""Erschlie√üungsstrasse"" G√§nsemarkt/ABC-Strasse ist v√∂llig √ºberlastet und viel zu klein, um das erh√∂hte Verkehrsaufkommen aufzunehmen.
Der R√ºckstau in die Dammtorstrasse f√ºhrt zu massiven Gef√§hrdungen der Radfahrer. Dabei zeigt sich, dass die F√ºhrung des Radfahrstreifens an der Kreuzung Dammtorstrasse/Valentinskamp (mit der Notwendigkeit f√ºr linksabbiegende Radfahrer, die Strasse zu queren) den Verkehr zus√§tzlich irritiert und aufh√§lt.
Auch die (bisher schon unn√∂tige) zweite Fu√üg√§ngerampel an der Bushaltestelle U-Stephansplatz auf der Dammtorstrasse f√ºhrt jetzt zu einer weiteren Verdichtung und Verstopfung - wieder mit zus√§tzlichen Gefahren f√ºr den Radverkehr.
L√∂sung: √ñffnung von G√§nsemarkt und Gro√üen Bleichen. Der Rest der Jungfernstiegs ist lang genug f√ºr das gew√ºnschte Vorzeigeprojekt."
154;Radverkehr;Vorschlag;2020-10-26T09:50:09Z;10.000;7;7;0;0;Gr√ºner Pfeil oder Rechtsabbiegerspur f√ºr Fahrradfahrer;"Es freut mich sehr, dass das Chaos f√ºr Fahrradfahrer am Jungfernstieg behoben wird! Dort war es viel zu eng und der geschwungene Radweg war gef√§hrlich auf Grund der zahlreichen flanierenden Personen. Auch die andere Seite mit den Bussen und der bereits ewig andauernden Baustelle vorm Alsterhaus birgt ein gefahrenpotenzial, vorfallen die Falschparker und Zulieferer auf dem Radweg - dies gilt auch f√ºr die B√§ckerei. 

Mir ist aufgefallen, dass wenn man vom Jungfernstieg kommt und zur M√∂nckebergstra√üe abbiegen m√∂chte vor der Europapassage, dass dort ein gr√ºner Pfeil f√ºr Radfahrer oder eine andere Ampelschaltung hilfreich w√§re. Die nun installierte Schaltung ist lediglich auf Autofahrer ausgelegt die dort nur Linksabbiegen d√ºrfen. Vielleicht lohnt es sich hier nochmal genauer zu schauen inwiefern man den Verkehrsfluss f√ºr Fahrradfahrer optimieren kann. Vielen Dank f√ºr die M√∂glichkeit mich beteiligen zu d√ºrfen."
155;Barrierefreiheit;Kritik;2020-10-26T10:16:36Z;0.6600;3;2;1;2;Schwerbehinderte, die viele Spezial-Arztpraxen in der Region regelm√§√üig aufsuchen m√ºssen;... haben ein Riesenproblem, diese zu erreichen. Bislang gibt es meiner Kenntnis nach weder eine Ausnahmereglung f√ºr diesen Personenkreis, den Jungfernstieg, Gr. Bleichen, Neuer Wall, zu befahren, noch gibt es ausreichende Parkpl√§tze. Eine Katastrophe!
156;Sonstiges;Vorschlag;2020-10-26T11:51:11Z;10.000;5;5;0;0;Fotospots;Ich w√ºnsche mir einen Foto-Spot, der den Jungfernstieg im Internet bekannter macht, z.B. angemalte bunte Engelsfl√ºgel an einer grauen Wand, vor die man sich stellen und dann Fotos machen kann (vgl. das Projekt der K√ºnstlerin Colette Miller mit ihrem Global Angel Wings Project in den Stra√üen von Los Angeles. Bei ihren Wandgem√§lden handelt es sich um interaktive, √∂ffentliche Kunst im menschlichen Ma√üstab: Fl√ºgel, mit denen Menschen interagieren sollen und sich mit ihnen fotografieren lassen k√∂nnen. Damit hat sie einen richtigen Hype auf Instagram geschaffen)
157;Freiraumgestaltung und Aufenthaltsqualit√§t;Kritik;2020-10-27T16:24:56Z;0.9000;10;9;1;3;autoarme Innenstadt;ich w√ºnsche mir noch viel mehr Mut im Senat, den Autoverkehr in Hamburg zu begrenzen. Ich finde, der gesamte Bereich zwischen Stadthausbr√ºcke und Jungfernstieg sollte autoarm sein.
158;Freiraumgestaltung und Aufenthaltsqualit√§t;Vorschlag;2020-10-27T21:09:04Z;0.8800;9;8;1;0;Privatautos immer noch unterwegs;Leider fahren viele Autofahrer immer noch in die Stra√üe. Wir brauchen L√∂sungen, um den Jungfernstieg wirklich autofrei zu machen (z.B. Kameras oder senkbare Poller).
159;Freiraumgestaltung und Aufenthaltsqualit√§t;Vorschlag;2020-10-27T21:21:50Z;0.9000;11;10;1;0;"Gro√üe Bleichen &amp; Neuer Wall sollten Fu√üg√§ngerzonen sein";"Gro√üe Bleichen &amp; Neuer Wall sollten reine Fu√üg√§ngerzonen sein ohne Taxis. Lieferverkehr darf bis 11 Uhr &amp; ansonsten vielleicht sollen die Stra√üen auch f√ºr Radfahrer freigegeben sein. Aber Taxis sollten die Stra√üenabschnitte nicht befahren d√ºrfen. Ein Drop off / Pick up Zone sollte in der n√§he eingerichtet. Dadurch hat man ab 11 Uhr kein motorisierten Verkehr mehr."
160;Freiraumgestaltung und Aufenthaltsqualit√§t;Vorschlag;2020-10-29T15:11:23Z;0.9800;258;253;5;135;Integration von Taubenschl√§gen in eine moderne Stadtplanung;"Durch die vom Menschen angez√ºchtete Reproduktionsrate vermehren sich die Stadttauben unabh√§ngig vom Nahrungsangebot. Als verwilderte Haustiere sind sie zudem auf den Menschen angewiesen.

L√∂sung: Taubenschl√§ge f√ºr den Jungfernstieg!

Weniger Verschmutzung an den Fassaden und auf den Gehsteigen, weniger Kosten f√ºr Vergr√§mungen und Reinigungen, weniger bettelnde Tauben, Reduzierung des Tierleids, Reduzierung der Beschwerden, Populationskontrolle durch den Austausch der Eier und damit Verringerung des Taubenbestandes auf eine tierschutzgerechte Art und Weise.

Mit entsprechender Gestaltung k√∂nnen Taubenh√§user / -container in das Stadtbild integriert werden, damit ein friedliches und problemfreies Miteinander erm√∂glicht wird."
161;Freiraumgestaltung und Aufenthaltsqualit√§t;Vorschlag;2020-10-29T17:24:43Z;0.8700;8;7;1;3;"Kraftfahrzeuge st√∂ren -&gt; Kontrollen";Die Verkehrsbeschr√§nkung ist grunds√§tzlich begr√º√üenswert und wird mit Sicherheit die Aufenthaltsqualit√§t deutlich steigern. Allerdings nutzt der MIV t√§glich ungest√∂rt auch bereits seit l√§ngerem gesperrte Bereiche wie z. B. Gro√üer Burstah. Ohne Kontrolle und Ahnung werden die Schilder nicht ernst genommen.
162;Anlieger und Lieferverkehr;Kritik;2020-10-29T17:26:40Z;0.9500;20;19;1;0;Radlogistik √ºbernimmt Lieferketten;Toll, dass auch der Lieferverkehr reduziert wird. Dies f√∂rdert die Umstellung des G√ºterverkehrs von Kraftfahrzeugen auf Transportfahrr√§der. Gro√üartig und weiter so lieber PlanerInnen! :)
163;Freiraumgestaltung und Aufenthaltsqualit√§t;Vorschlag;2020-10-30T10:47:31Z;0.8800;9;8;1;0;Super Sache!;Eine Innenstadt braucht Fu√üg√§ngerzonen und verkehrsberuhigte Bereiche. Aufenthaltsqualit√§t entsteht nur, wenn endlich der Blechberg, sowohl als parkende als auch fahrende Autos, verschwindet. Der Jungfernsteig ben√∂tigt keinen motorisierten Individualverkehr.
164;Fu√üverkehr;Vorschlag;2020-10-30T12:14:55Z;0.8300;6;5;1;3;Jungfernstieg soll Fahrrad- oder Spielstra√üe werden;Notwendiger Liefer- und Busverkehr f√§hrt Tempo 20 ‚Äì alle sind gl√ºcklich!
165;Barrierefreiheit;Vorschlag;2020-10-30T13:33:12Z;0.5000;4;2;2;0;√ñffnung des Verkehrs f√ºr schwerbehinderte/ Aufstockung der angebauten Behindertenparkpl√§tze;"Sehr geehrte Damen und Herren,
Schwer behinderten Menschen ist es meistens nur m√∂glich, die Innenstadt mit dem Auto zu erreichen. Insofern sollte in Erw√§gung gezogen werden, in den Jungfernstieg und angrenzenden Stra√üen neben dem Bus Verkehr Verkehr auch f√ºr Schwerbehinderte zu √∂ffnen.

Was jedoch mindestens geschehen sollte ist, Dass die abgebauten behinderten Parkpl√§tze am Jungfernstieg und den angrenzenden Stra√üen mindestens wieder aufgestockt werden sollten wenn nicht sogar erh√∂ht."
166;Freiraumgestaltung und Aufenthaltsqualit√§t;Vorschlag;2020-10-31T10:25:14Z;0.9200;26;24;2;11;Taubenschl√§ge und damit Geburtenkontrollen!;Die von Menschen gez√ºchteten, verwilderten Haustiere (Stadttauben) sind auf das Leben in der Stadt angewiesen. Anstatt diese Tiere zu vergiften, zu verst√ºmmeln (z.B. mit Spikes oder Nylonschn√ºren) und verhungern zu lassen, sollte die Stadt Hamburg lieber einen Anflugort (=Taubenschlag) zum Br√ºten (und damit zur Geburtenkontrolle durch Atrappeneier) und zur kontrollierten F√ºtterung (und damit die Tiere ‚Äûvon der Stra√üe‚Äú weglocken und Verschmutzungen durch kot zu vermeiden) aufstellen! Der Tierschutzverein Hamburg w√ºrde diesen Taubenschlag und die komplette Versorgung der Tiere rund um die Uhr √ºbernehmen und Mitarbeiter f√ºr diese Aufgabe zur Verf√ºgung stellen. Warum ist Hamburg so unfair zu diesen Tieren und zeigt kein Verantwortungsgef√ºhl?
167;Freiraumgestaltung und Aufenthaltsqualit√§t;Kritik;2020-11-02T15:26:20Z;10.000;10;10;0;2;Stau am autoarmen Jungfernstieg;"Wie kann es sein, dass sich, nachdem die Durchfahrt des Jungfernstiegs und der angrenzenden Stra√üen vor √ºber zwei Wochen verboten wurde, dort am Sonntag Nachmittag ein regelrechter Stau bilden kann?
Wieso wird hier immer noch nicht √∂fter kontrolliert? Wieso werden die Stra√üen au√üerhalb der Lieferzeiten nicht komplett gesperrt? Durch den Neuen Wall und die Gro√üen Bleichen muss kein Bus fahren. Auch ein Taxi ist hier unn√∂tig.
Ein bisschen Farbe auf dem Boden ist kein Hinderungsgrund f√ºr Autofahrer, da doch lang zu fahren. Das sollte doch mittlerweile bekannt sein.
Wenn keine baulichen Gegenma√ünahmen getroffen werden, hilft nur konsequentes und dauerhaftes Bestrafen von ignoranten Autofahrern.
Andrerseits ist mir auch unbegreiflich warum aufw√§ndig Fahrbahnmarkierungen f√ºr Autos neu gezeichnet werden, wenn die Autos doch eigentlich gar keine Zufahrtsberechtigung haben."
168;Sonstiges;Kritik;2020-11-03T09:37:35Z;0.0000;7;0;7;3;Verkehrsbehinderung = Verhinderung am Jungfernstieg;"Dass der Jungfernstieg nicht als Durchgangsstrasse f√ºr den Verkehr ausgebaut werden muss ist schon klar. Wenn ich mir die Planung f√ºr die Verkehrsf√ºhrung ansehe kommen mir Bedenken. Der dann in diesem Bereich zwangsl√§ufig auflaufende Verkehr wird sich nicht so leicht kanalisieren. Das ist wohl auch beabsichtigt. Fragt sich ob der ""Flanierende"" es auch toll findet ?
Der vom Neuen Jungfernstieg zum G√§nsemarkt abbiegende Verkehr d√ºrfte es nicht leicht haben wirklich abzuflie√üen. Hier kommt es seit Langem zu Einkaufszeiten zu Staus.
Noch schlimmer stelle ich mir das  beim abflie√üenden Verkehr vom G√§nsemarkt √ºber ABC-Stra√üe, Poststrasse und Gro√üe Bleichen vor. Die enge ABC-Stra√üe kann kaum sehr viel Verkehr aufnehmen. An der Kreuzung Gr.Bleichen/Poststrasse d√ºrfte es zu Verstopfungen f√ºhren. Hier ist der Fu√ü- und Radverkehr kaum mit kreuzenden PKW zu vereinbaren, zumal gegenl√§ufiger Verkehr aus Richtung Neuer Wall kommt.
Wer hier einmal fuhr wird so schnell nicht wiederkommen."
169;Radverkehr;Kritik;2020-11-03T14:39:04Z;10.000;8;8;0;0;Ampelschaltung und Verkehrsf√ºhrung Ecke Europapassage;"F√ºr Fahrradfahrer ist aktuell die Ampelschaltung von der Bergstra√üe (1.) in Richtung Jungfernstieg oder vom Jungfernstieg (2.) in die Bergstra√üe kommend sehr schlecht gel√∂st.

1. zwei rote Ampeln hintereinander auf 20 m (?).

2. Rechtsabbieger vom Jungfernstieg kommend in die Bergstra√üe m√ºssen warten, um die Fu√üg√§nger durchzulassen. Das f√ºhrt zum R√ºckstau f√ºr die Fahrradfahrer auf einer sehr schmalen Abbiegespur, die f√ºr links- und rechtsabbiegende Fahrradfahrer genutzt wird. Dadurch ist die Gr√ºnphase f√ºr Fahrradfahrer sehr kurz."
170;√ñPNV;Vorschlag;2020-11-04T18:45:35Z;10.000;6;6;0;0;Reesendamm verkehrsfrei - Busse √ºber die Bergstra√üe;"Der Reesendamm oder Plan sollte gesperrt und frei von Bussen und Taxen werden,
um die derzeit ungem√ºtliche Verbindung von Fussg√§nger zwischen Jungerfernstieg / Ballindamm und dem Rathausmarkt attraktiver zu gestallten.
Hierzu m√ºsste eine der beider beiden Fahrtrichtung der Busse in die Bergstra√üe verlegt werden und die dazugeh√∂rige Haltestelle vom vom Rathausmarkt in die Bergstra√üe verlegt. Die derzeit schwierige Verkehrssituation mit dem IV in der Bergstra√üe sollte sich durch die Sperrung des Jungfernstieges etwas entspannen, und daher zus√§tzlicher Busverkehr in der Bergstra√üe erm√∂glichen. Es m√ºssten noch  zus√§tzlich einige Parkpl√§tze im Bereich der zuk√ºnftigen Haltestelle abgebaut werden, um die notwendige Breite f√ºr die Wartefl√§che f√ºr die Fahrg√§ste herstellen zu k√∂nnen."
171;√ñPNV;Vorschlag;2020-11-07T07:19:57Z;10.000;5;5;0;3;L√§rmende Dieselbusse geh√∂ren nicht in die Innenstadt;"Konventionelle Dieselbusse sind eine nervende L√§rmquelle. Sie machen L√§rm selbst wenn Sie stehen, an Ampel z.B. oder an Haltestellen. 
Dies ist am Jungfernstieg und in der M√∂nckebergstra√üe einer der Gr√ºnde f√ºr den hohen L√§rmpegel.
Hamburg hat schon die ersten Elektrobusse, die sind wunderbar leise in diesen Situationen.
Hamburg ist dabei, mehr davon anzuschaffen. Richtig so.
Aber die angeschafften leisen Busse m√ºssen auch dort eingesetzt werden, wo sie den Lebenden n√ºtzen. Warum werden diese vom HVV nicht vordringlich in der Innenstadt eingesetzt, anstatt innerhalb des Friedhofs Ohlsdorf ???

Ich schlage vor, am ruhegelegten Jungfernstieg nur leise Busse durchfahren zu lassen. D.h. auch die alten doppelst√∂ckigen Touri-Rundfahrtbusse geh√∂ren dort nicht in."
172;Sonstiges;Vorschlag;2020-11-09T17:16:54Z;10.000;8;8;0;1;Ab Alstertor abbinden;W√ºrde man den Verkehr in Richtung Innenstadt schon unmittelbar hinter der Querstra√üe Alstertor abbinden, k√∂nnte man erstens das Durchfahrtverbot wesentlich besser visualisieren und zweitens auch die M√∂nckebergstra√üe von √ºberfl√ºssigem Querverkehr entlasten.
173;Radverkehr;Vorschlag;2020-11-12T16:36:42Z;10.000;7;7;0;5;Falschparker am Ballindamm;Bei meiner gestrigen Radfahrt auf dem fantastischen Radfahrstreifen am Ballindamm stadtausw√§rts habe ich gleich 3 Lieferfahrzeuge und 1 PKW parkend auf dem Radstreifen vorgefunden. Vielleicht haben die nicht mal ein schlechtes Gewissen, weil der Radstreifen ja so breit ist, dass die Radler ja sogar dran vorbei fahren k√∂nnen, ohne auf die Fahrbahn zu fahren. Bitte konsequent Tickets verteilen, ansonsten ist nicht viel gewonnen.
174;Radverkehr;Vorschlag;2020-11-12T16:40:45Z;10.000;6;6;0;2;Einbahnstra√üe Neuer Wall freigeben;Der Neue Wall sollte f√ºr Radfahrer*innen aus Richtung Jungfernstieg bis Alte Poststra√üe freigegeben werden - hier ist ja nun kein normaler KFZ Verkehr mehr und es w√ºrde die Erreichbarkeit und Durchl√§ssigkeit des Viertels f√ºr Radfahrer*innen deutlich verbessern!
175;Radverkehr;Vorschlag;2020-11-16T07:49:31Z;10.000;2;2;0;2;Feedback zu Jungfernstieg aus Radfahrersicht;Mein Eindruck ist gemischt. Es ist sch√∂n, dass der Bereich beruhigt wurde und dort nun deutlich weniger Pkw fahren. Ich finde es aber schade, dass f√ºr die Fahrradfahrer kein separater Fahrradweg entstanden ist. Es ist eigentlich so viel Platz vorhanden und in der Mitte der Fahrbahn wurde eine gro√üe Fl√§che stillgelegt. Diese h√§tte z. B. f√ºr eine Fahrradstra√üe genutzt werden k√∂nnen. Nun m√ºssen sich die Radfahrer doch wieder um die Busse herumschl√§ngeln.
176;Fu√üverkehr;Vorschlag;2020-11-16T13:01:41Z;10.000;2;2;0;0;Notwendigkeit der Ampeln √ºberpr√ºfen;"Durch die verringerte Verkehrsbelastung sollte gepr√ºft werden, ob die Knotenpunkte deutlich kompakter gestaltet werden k√∂nnen. Dann sind die Ampeln h√∂chtwahrscheinlich entbehrlich und der Verkehrsfluss f√ºr Fu√ü-, Rad- und Busverkehr verbessert sich, weil sich Wartezeiten deutlich verk√ºrzen. 

Das sollte inbesondere f√ºr die folgenden Ampeln gepr√ºft werden:
1) Jungfernstieg/Neuer Jungfernstieg
2) Jungfernstieg/Ballindamm
3) Bergstra√üe/Plan"
177;Freiraumgestaltung und Aufenthaltsqualit√§t;Vorschlag;2020-11-17T17:24:59Z;10.000;2;2;0;1;Kulturort schaffen;Um den Jungfernstieg auch abends zu beleben, k√∂nnte wasserseitig ein open air Kulturort entstehen z.B. √§hnlich wie bei klassischen Muscheln an Strandpromenaden in modern weitergedacht. Ebenso auf Booten/Schiffen auf denen es Konzerte oder Auff√ºhrungen gibt, z.B. als Talentort f√ºr Nachwuchsk√ºnstlerinnen und -k√ºnstler (Stage Academy, Musikhochschule usw.). Die Trib√ºne ist ja schon vorhanden.
178;Fu√üverkehr;Vorschlag;2020-11-17T17:33:00Z;10.000;1;1;0;0;Querungen f√ºr Fu√üg√§nger;Bei aller Fahrradfreundlichkeit braucht es gute L√∂sungen wie h√§ufig querende Fu√üg√§nger gut geleitet werden k√∂nnen und an bestimmten Stellen Vorrecht haben.
179;Freiraumgestaltung und Aufenthaltsqualit√§t;Vorschlag;2020-11-17T17:38:40Z;10.000;2;2;0;0;Gastronomie am Jungfernstieg;Menschen halten sich dort auf wo gute Gastronomie ist, auch erschwinglich, kein Schickimicki Daher bitte mitdenken (Pavillons, popup-Gastro, Weinfest, ...)
180;Freiraumgestaltung und Aufenthaltsqualit√§t;Vorschlag;2020-11-17T17:46:20Z;10.000;2;2;0;0;Umfeld inkl. Rathausquartier mitdenken;Der Jungfernstieg lebt auch von der Aufenthaltsqualit√§t drumherum (Flaniermeile von A nach B). Daher bitte das erfolgreich verlaufene Projekt des autofreien Rathausquartiers ebenfalls baldigst umsetzen und das Umfeld in Flanierqualit√§t mitdenken. Dankesch√∂n.
181;Freiraumgestaltung und Aufenthaltsqualit√§t;Vorschlag;2020-11-17T18:06:00Z;10.000;3;3;0;0;Kunstpfad;Kunstpfad vom Jungfernstieg √ºber Ballindamm zur Kunsthalle errichten. Mehr Kultur im √∂ffentlichen Raum!
182;Radverkehr;Kritik;2020-11-20T10:35:04Z;0.0000;0;0;0;0;Einbahnstra√üen bitte f√ºr Radfahrer freigeben;"Moin, toll, dass der Jungfernstieg vom MIV entlastet wird. Sieht auch in der aktuellen Version schon gut aus.
Schade nur, dass er aus den Nebenstra√üen f√ºr Rad fahrende so schlecht zu erreichen ist.
Da die Einbahnstra√üen nicht frei gegeben sind, hei√üt es schieben oder √§rgerliche Umwege in Kauf nehmen. Etwas ungl√ºcklich, wenn man eigentlich den nicht-motorisierten Verkehr f√∂rdern m√∂chte.
Vielleicht gibt es hier eine bessere M√∂glichkeit?
Und wenn - so die Auskunft der Polizei vor Ort - die Freigabe in Gegenrichtung wg. des Lieferverkehrs zu gef√§hrlich ist, k√∂nnte man das ja wenigstens ab 11h einrichten. Wenn theoretisch bis auf Taxen kein Auto mehr fahren darf, d√ºrfte kaum Verkehr herrschen."
